participant_id,split,severity_class,functional_embedding_available,structural_embedding_available,functional_dimension,structural_dimension,alignment_status
28820,val,Moderate,True,True,512,512,MATCHED
28838,val,Moderate,True,True,512,512,MATCHED
28843,train,Moderate,True,True,512,512,MATCHED
28844,val,Low,True,True,512,512,MATCHED
28853,train,High,True,True,512,512,MATCHED
28855,test,Moderate,True,True,512,512,MATCHED
28857,val,High,True,True,512,512,MATCHED
28859,test,Low,True,True,512,512,MATCHED
28860,val,High,True,True,512,512,MATCHED
28861,train,High,True,True,512,512,MATCHED
28864,train,High,True,True,512,512,MATCHED
28865,train,High,True,True,512,512,MATCHED
28866,test,High,True,True,512,512,MATCHED
28869,val,High,True,True,512,512,MATCHED
28871,train,Moderate,True,True,512,512,MATCHED
28872,test,High,True,True,512,512,MATCHED
28873,train,High,True,True,512,512,MATCHED
28874,train,High,True,True,512,512,MATCHED
28876,val,High,True,True,512,512,MATCHED
28879,train,High,True,True,512,512,MATCHED
28884,train,Moderate,True,True,512,512,MATCHED
28885,test,Moderate,True,True,512,512,MATCHED
28890,train,Moderate,True,True,512,512,MATCHED
28896,train,Low,True,True,512,512,MATCHED
28897,test,High,True,True,512,512,MATCHED
28898,train,High,True,True,512,512,MATCHED
28899,train,High,True,True,512,512,MATCHED
28901,train,Moderate,True,True,512,512,MATCHED
28903,train,Moderate,True,True,512,512,MATCHED
28905,test,High,True,True,512,512,MATCHED
28906,train,Moderate,True,True,512,512,MATCHED
28908,train,Low,True,True,512,512,MATCHED
28920,test,Moderate,True,True,512,512,MATCHED
28924,train,High,True,True,512,512,MATCHED
28927,train,High,True,True,512,512,MATCHED
28933,train,Moderate,True,True,512,512,MATCHED
28935,train,Moderate,True,True,512,512,MATCHED
28938,train,High,True,True,512,512,MATCHED
28939,val,Moderate,True,True,512,512,MATCHED
28941,val,High,True,True,512,512,MATCHED
28949,test,Low,True,True,512,512,MATCHED
28952,test,Moderate,True,True,512,512,MATCHED
28958,test,Moderate,True,True,512,512,MATCHED
28963,train,Moderate,True,True,512,512,MATCHED
28964,val,Moderate,True,True,512,512,MATCHED
28967,train,High,True,True,512,512,MATCHED
28968,train,Moderate,True,True,512,512,MATCHED
28972,test,High,True,True,512,512,MATCHED
28982,train,Moderate,True,True,512,512,MATCHED
28986,train,Moderate,True,True,512,512,MATCHED
28987,test,Moderate,True,True,512,512,MATCHED
28988,test,Moderate,True,True,512,512,MATCHED
28992,train,Moderate,True,True,512,512,MATCHED
28995,train,Moderate,True,True,512,512,MATCHED
28997,train,Moderate,True,True,512,512,MATCHED
28998,val,Moderate,True,True,512,512,MATCHED
29150,train,High,True,True,512,512,MATCHED
29151,train,High,True,True,512,512,MATCHED
29152,val,Low,True,True,512,512,MATCHED
29153,train,Moderate,True,True,512,512,MATCHED
29154,train,High,True,True,512,512,MATCHED
29155,train,High,True,True,512,512,MATCHED
29156,test,Moderate,True,True,512,512,MATCHED
29157,train,Moderate,True,True,512,512,MATCHED
29159,test,High,True,True,512,512,MATCHED
29160,train,Moderate,True,True,512,512,MATCHED
29161,val,High,True,True,512,512,MATCHED
29162,val,High,True,True,512,512,MATCHED
29163,train,Moderate,True,True,512,512,MATCHED
29164,train,High,True,True,512,512,MATCHED
29165,train,Moderate,True,True,512,512,MATCHED
29166,train,High,True,True,512,512,MATCHED
29167,train,Low,True,True,512,512,MATCHED
29168,test,Low,True,True,512,512,MATCHED
29169,train,Moderate,True,True,512,512,MATCHED
29170,train,High,True,True,512,512,MATCHED
29172,train,Moderate,True,True,512,512,MATCHED
29173,train,High,True,True,512,512,MATCHED
29174,test,Moderate,True,True,512,512,MATCHED
29175,train,High,True,True,512,512,MATCHED
29177,train,High,True,True,512,512,MATCHED
29179,train,Moderate,True,True,512,512,MATCHED
29181,test,Moderate,True,True,512,512,MATCHED
29182,train,Moderate,True,True,512,512,MATCHED
29183,train,High,True,True,512,512,MATCHED
29184,train,High,True,True,512,512,MATCHED
29186,train,Moderate,True,True,512,512,MATCHED
29187,train,Moderate,True,True,512,512,MATCHED
29188,val,Moderate,True,True,512,512,MATCHED
29189,val,High,True,True,512,512,MATCHED
29190,test,High,True,True,512,512,MATCHED
29191,train,Moderate,True,True,512,512,MATCHED
29192,val,Moderate,True,True,512,512,MATCHED
29193,val,Low,True,True,512,512,MATCHED
29194,train,Moderate,True,True,512,512,MATCHED
29195,test,High,True,True,512,512,MATCHED
29196,train,High,True,True,512,512,MATCHED
29197,train,High,True,True,512,512,MATCHED
29198,train,High,True,True,512,512,MATCHED
29199,test,Low,True,True,512,512,MATCHED
29200,train,High,True,True,512,512,MATCHED
29202,train,Moderate,True,True,512,512,MATCHED
29203,train,Moderate,True,True,512,512,MATCHED
29204,test,Moderate,True,True,512,512,MATCHED
29205,train,Moderate,True,True,512,512,MATCHED
29206,test,High,True,True,512,512,MATCHED
29208,train,Low,True,True,512,512,MATCHED
29209,train,Low,True,True,512,512,MATCHED
29210,train,Low,True,True,512,512,MATCHED
29211,train,Low,True,True,512,512,MATCHED
29212,train,Low,True,True,512,512,MATCHED
29213,train,Low,True,True,512,512,MATCHED
29214,train,Moderate,True,True,512,512,MATCHED
29216,train,Low,True,True,512,512,MATCHED
29219,train,Low,True,True,512,512,MATCHED
29221,train,Low,True,True,512,512,MATCHED
29223,val,High,True,True,512,512,MATCHED
29224,train,Low,True,True,512,512,MATCHED
29375,train,Moderate,True,True,512,512,MATCHED
29376,val,High,True,True,512,512,MATCHED
29385,test,Moderate,True,True,512,512,MATCHED
29393,train,Low,True,True,512,512,MATCHED
29400,test,Low,True,True,512,512,MATCHED
29415,train,Moderate,True,True,512,512,MATCHED
29416,test,High,True,True,512,512,MATCHED
29434,train,Low,True,True,512,512,MATCHED
29435,val,High,True,True,512,512,MATCHED
29458,val,High,True,True,512,512,MATCHED
29479,train,High,True,True,512,512,MATCHED
29481,test,High,True,True,512,512,MATCHED
29606,train,High,True,True,512,512,MATCHED
29609,train,Moderate,True,True,512,512,MATCHED
29610,train,Moderate,True,True,512,512,MATCHED
29619,train,High,True,True,512,512,MATCHED
29624,val,Moderate,True,True,512,512,MATCHED
29730,train,High,True,True,512,512,MATCHED
29731,train,High,True,True,512,512,MATCHED
29733,test,High,True,True,512,512,MATCHED
29734,train,High,True,True,512,512,MATCHED
29735,train,High,True,True,512,512,MATCHED
29737,train,High,True,True,512,512,MATCHED
29738,train,High,True,True,512,512,MATCHED
29739,train,Moderate,True,True,512,512,MATCHED
30000,train,Low,True,True,512,512,MATCHED
30005,train,Moderate,True,True,512,512,MATCHED
30010,train,Moderate,True,True,512,512,MATCHED
30011,train,Moderate,True,True,512,512,MATCHED
30013,train,Moderate,True,True,512,512,MATCHED
30014,test,Moderate,True,True,512,512,MATCHED
30016,train,Low,True,True,512,512,MATCHED
30017,val,High,True,True,512,512,MATCHED
30018,val,Moderate,True,True,512,512,MATCHED
30019,train,Low,True,True,512,512,MATCHED
30021,train,Moderate,True,True,512,512,MATCHED
30026,train,Low,True,True,512,512,MATCHED
30028,train,High,True,True,512,512,MATCHED
30156,train,Moderate,True,True,512,512,MATCHED
