epoch,train_loss,validation_loss,train_accuracy,validation_accuracy,train_macro_f1,validation_macro_f1,learning_rate
1,1.1206951188106162,1.1385363388061522,0.3431372549019608,0.28,0.26458254865034525,0.2558823529411765,0.001
2,1.1009205205767763,1.165929880142212,0.37254901960784315,0.36,0.3470823120208795,0.35732323232323226,0.001
3,1.0573818169388116,1.215252718925476,0.49019607843137253,0.28,0.48257530619000333,0.2868778280542987,0.001
4,1.0299546671848672,1.1661128044128417,0.46078431372549017,0.36,0.4608117832590755,0.322061191626409,0.001
5,1.0741083949219947,1.1004870963096618,0.47058823529411764,0.44,0.45017106279660074,0.38689458689458683,0.001
6,1.0056992044635849,1.130783233642578,0.4803921568627451,0.36,0.46505511722903026,0.33053359683794464,0.001
7,0.9789523003148097,1.199691996574402,0.5098039215686274,0.32,0.5122506929124951,0.2896825396825397,0.001
8,1.0628556597466563,1.3498043394088746,0.47058823529411764,0.28,0.47451963241436923,0.261952861952862,0.001
9,1.0359615227755379,1.3109833526611328,0.4019607843137255,0.36,0.35064476240946824,0.31666666666666665,0.001
10,0.998094333153145,1.2160700893402099,0.5098039215686274,0.32,0.49846179729372464,0.30370370370370364,0.001
11,0.9893149511486876,1.2314185285568238,0.4803921568627451,0.36,0.4674399674399674,0.3362573099415204,0.001
12,0.92874115004259,1.3037024116516114,0.5392156862745098,0.32,0.5337761157931945,0.3011695906432748,0.001
13,0.9568865719963523,1.3817554807662964,0.45098039215686275,0.36,0.4459383753501401,0.33429027113237647,0.001
14,0.8766531102797565,1.3669170999526978,0.4803921568627451,0.36,0.48203120605671995,0.33065998329156226,0.001
15,0.8566618152693206,1.5236002206802368,0.5392156862745098,0.28,0.5345772371088827,0.2609710550887021,0.001
16,0.9298144999672385,1.4411061000823975,0.5196078431372549,0.28,0.519069147394656,0.26166426166426165,0.001
17,0.8655364232904771,1.369416675567627,0.5588235294117647,0.36,0.5502276470018406,0.3343915343915344,0.001
18,0.8981063155566945,1.4966481256484985,0.5196078431372549,0.36,0.5220507858000466,0.32976827094474154,0.001
19,0.8730728556128109,1.607616949081421,0.4803921568627451,0.32,0.4851851851851852,0.30148901665929534,0.001
20,0.9278584765452965,1.5190285158157348,0.5098039215686274,0.36,0.48490507314036724,0.3333333333333333,0.001
21,0.8136390400867836,1.5183035945892334,0.5784313725490197,0.28,0.580056724884311,0.2609710550887021,0.001
22,0.9143986222790736,1.6975299072265626,0.4803921568627451,0.36,0.4693754027432569,0.3319327731092437,0.001
23,0.8207475788453046,1.680550112724304,0.5784313725490197,0.32,0.576592285071787,0.2904040404040404,0.001
24,0.8515142377685098,1.7729218864440919,0.5,0.32,0.5119570790302498,0.288866930171278,0.001
25,0.8830749427571016,1.747069664001465,0.5196078431372549,0.36,0.5172850678733032,0.3304473304473304,0.001
26,0.8616960597973243,1.5792044687271118,0.5686274509803921,0.4,0.5608627941483034,0.3666666666666667,0.001
27,0.8197595056365518,1.6986079120635986,0.5490196078431373,0.36,0.5587844254510922,0.32976827094474154,0.001
28,0.8082534472147623,1.6592819023132324,0.5588235294117647,0.36,0.5589901144629366,0.32976827094474154,0.001
29,0.8061572313308716,1.622328290939331,0.5980392156862745,0.32,0.6069214245173898,0.29920255183413075,0.001
30,0.7758864444844863,1.6639604949951172,0.5784313725490197,0.32,0.5773074661963551,0.30469335732493624,0.001
31,0.7563949507825515,1.8125702381134032,0.6176470588235294,0.36,0.6179651334580912,0.3362573099415204,0.001
32,0.7877683113603031,1.9125712299346924,0.5588235294117647,0.32,0.5714853175170634,0.26399331662489556,0.001
33,0.7917857766151428,1.8131069374084472,0.6176470588235294,0.36,0.6204545454545455,0.32929292929292925,0.001
34,0.8092004423047982,2.0178759860992432,0.5882352941176471,0.36,0.5866558606284634,0.33783175888439043,0.001
35,0.7947454727163502,1.8640157222747802,0.5882352941176471,0.32,0.5861111111111111,0.29638009049773756,0.001
36,0.7644120782029395,1.8180017471313477,0.5490196078431373,0.32,0.5502363503695948,0.29638009049773756,0.001
37,0.8770534103991938,1.9863911724090577,0.5294117647058824,0.36,0.5305598703315999,0.33783175888439043,0.001
38,0.7695288202341866,1.8313525390625,0.6078431372549019,0.36,0.6103830326052547,0.32976827094474154,0.001
39,0.7407842173295862,1.8395844268798829,0.5588235294117647,0.4,0.5738780086185754,0.36762360446570974,0.001
40,0.7944849554230186,1.9448899936676025,0.5686274509803921,0.36,0.5587954057124859,0.3304473304473304,0.001
41,0.790546227903927,1.9894581413269044,0.5490196078431373,0.36,0.5413270909196001,0.32085561497326204,0.001
42,0.7935984169735628,1.9624477767944335,0.6274509803921569,0.32,0.6244797473058343,0.30148901665929534,0.001
43,0.7271488145285961,2.1941695404052735,0.5980392156862745,0.36,0.5967813051146384,0.33783175888439043,0.001
44,0.9430845449952518,2.12018581867218,0.5392156862745098,0.36,0.5364190333230581,0.3333333333333333,0.001
45,0.7330145765753353,1.928270845413208,0.6176470588235294,0.36,0.6185999664260534,0.3333333333333333,0.001
46,0.8172246720276627,2.0371836471557616,0.5882352941176471,0.28,0.5955533355533356,0.23558897243107768,0.001
47,0.6896099787132413,2.062882137298584,0.6568627450980392,0.32,0.6540728924246295,0.29638009049773756,0.001
48,0.7414600919274723,2.119165849685669,0.6176470588235294,0.32,0.6184690782214003,0.29638009049773756,0.001
49,0.7076574879534104,2.075498628616333,0.6470588235294118,0.36,0.6441269841269842,0.33783175888439043,0.001
50,0.7032313954596426,2.214692277908325,0.6764705882352942,0.32,0.6705581652390163,0.29638009049773756,0.001
51,0.6735590392468023,2.343027114868164,0.6274509803921569,0.36,0.6309442471390722,0.33783175888439043,0.001
52,0.7616189566313052,2.397660188674927,0.5882352941176471,0.32,0.5875211744776961,0.29638009049773756,0.001
53,0.7571842051019856,2.4020108127593995,0.5784313725490197,0.32,0.5784357500325575,0.29638009049773756,0.001
54,0.6759736841800166,2.2974950885772705,0.6274509803921569,0.36,0.6321315192743765,0.3333333333333333,0.001
55,0.7365081181713179,2.193570337295532,0.6274509803921569,0.32,0.6292040949342586,0.2905525846702317,0.001
56,0.8787878050523645,2.822229223251343,0.6372549019607843,0.28,0.640443164252688,0.24492753623188404,0.001
57,0.7670235832532247,2.3703615474700928,0.5784313725490197,0.24,0.5736784917116263,0.21843434343434343,0.001
58,0.8460506504657221,2.475928058624268,0.6274509803921569,0.24,0.6287262872628726,0.21843434343434343,0.001
59,0.8422271282065148,2.238794355392456,0.5784313725490197,0.28,0.5768404077582822,0.2657070025491078,0.001
60,0.7497532578075633,2.2566812324523924,0.5882352941176471,0.36,0.5760389036251105,0.33783175888439043,0.001
