epoch,train_loss,train_acc,train_macro_f1,val_loss,val_acc,val_macro_precision,val_macro_recall,val_macro_f1
1,1.09558806699865,0.17647058823529413,0.11330409356725146,1.1267246437072753,0.12,0.1414141414141414,0.24786324786324787,0.09500000000000001
2,1.072114951470319,0.29411764705882354,0.252481817699209,1.1323513793945312,0.2,0.18452380952380953,0.29914529914529914,0.17017543859649123
3,1.072175432653988,0.3333333333333333,0.30914965986394555,1.1391601610183715,0.24,0.19576719576719573,0.3247863247863248,0.1996434937611408
4,1.069864553563735,0.37254901960784315,0.3407826224524188,1.1445527267456055,0.24,0.18461538461538463,0.3247863247863248,0.19927536231884058
5,1.0574495722265804,0.37254901960784315,0.3225899344320397,1.1472030591964721,0.24,0.1717171717171717,0.3247863247863248,0.2019047619047619
6,1.0614031272775986,0.35294117647058826,0.3010696430647599,1.1530722570419312,0.24,0.1717171717171717,0.3247863247863248,0.2019047619047619
7,1.0521616725360645,0.43137254901960786,0.3934817563388992,1.1551228094100952,0.24,0.17777777777777778,0.3247863247863248,0.20923076923076925
8,1.0557009472566492,0.4117647058823529,0.36403217697335344,1.1564111089706421,0.28,0.27121212121212124,0.3618233618233618,0.26495726495726496
9,1.0519747663946712,0.4803921568627451,0.45657034743722047,1.1592097520828246,0.32,0.3345238095238095,0.4102564102564103,0.320211161387632
10,1.040462615443211,0.47058823529411764,0.46451055257229584,1.1584731149673462,0.36,0.3814814814814815,0.44729344729344733,0.35597540860698756
11,1.0434453767888687,0.43137254901960786,0.41772893772893777,1.1598116207122802,0.36,0.3814814814814815,0.44729344729344733,0.35597540860698756
12,1.0381488542930752,0.46078431372549017,0.4537647403501062,1.1582547807693482,0.36,0.37407407407407406,0.44729344729344733,0.35672514619883033
13,1.0449889711305207,0.4411764705882353,0.4307783719548426,1.1579143571853638,0.36,0.36507936507936506,0.44729344729344733,0.3592592592592592
14,1.0346225418296515,0.46078431372549017,0.4583333333333333,1.1597303581237792,0.32,0.32861952861952864,0.4216524216524216,0.31851851851851853
15,1.0303846270430321,0.47058823529411764,0.4588741544908664,1.1671127843856812,0.28,0.28611111111111115,0.3105413105413105,0.26166426166426165
16,1.0135228306639428,0.46078431372549017,0.4507364448126669,1.1663584041595458,0.28,0.273989898989899,0.3105413105413105,0.26411483253588514
17,1.0181454630459057,0.4803921568627451,0.4705023756320754,1.171835308074951,0.32,0.337037037037037,0.33618233618233617,0.3011695906432748
18,1.0207600500069411,0.47058823529411764,0.4611250173828396,1.1790310621261597,0.32,0.34259259259259256,0.34757834757834755,0.2927170868347339
19,1.0139146528991998,0.46078431372549017,0.4546322172904451,1.1898324823379516,0.4,0.45555555555555555,0.49572649572649574,0.37637362637362637
20,1.0005495115822436,0.4117647058823529,0.41111269682698254,1.1949737930297852,0.36,0.4131054131054131,0.3846153846153846,0.32070707070707066
21,0.9983599933923459,0.46078431372549017,0.4536796536796537,1.2020889568328856,0.4,0.45555555555555555,0.49572649572649574,0.37637362637362637
22,1.0009105369156481,0.47058823529411764,0.46550025138260437,1.2095515060424804,0.36,0.4131054131054131,0.3846153846153846,0.32070707070707066
23,1.002694097219729,0.4803921568627451,0.47599786083653983,1.2147435140609741,0.32,0.34259259259259256,0.34757834757834755,0.2927170868347339
24,1.0007184182896334,0.4803921568627451,0.47464037402465165,1.218944411277771,0.36,0.393939393939394,0.4586894586894587,0.3491080642783429
25,0.99828921696719,0.46078431372549017,0.45680180180180185,1.2189292240142822,0.36,0.3703703703703704,0.3732193732193732,0.3362573099415204
26,0.998520641934638,0.5196078431372549,0.5072751322751322,1.234654130935669,0.32,0.31785714285714284,0.33618233618233617,0.3009569377990431
27,0.9813874095093971,0.47058823529411764,0.45892785393247926,1.2554300928115845,0.28,0.3011904761904762,0.29914529914529914,0.2689291101055807
28,0.985610746869854,0.5,0.48712468906562023,1.279790725708008,0.24,0.2608058608058608,0.33618233618233617,0.23095238095238094
29,0.9820682710292292,0.5,0.4858771630276464,1.27017258644104,0.24,0.3111111111111111,0.26210826210826216,0.23398692810457514
30,0.9700755325018191,0.5196078431372549,0.5053872053872054,1.2645411825180053,0.24,0.28095238095238095,0.33618233618233617,0.23131357806280406
31,0.9566199347084644,0.5196078431372549,0.5043261749144102,1.2764363718032836,0.2,0.24444444444444444,0.29914529914529914,0.1851851851851852
32,0.9595016708561018,0.5490196078431373,0.537146451649797,1.292567377090454,0.24,0.30317460317460315,0.33618233618233617,0.23398692810457514
33,0.9427710935181263,0.5294117647058824,0.5135652369694923,1.3125657510757447,0.24,0.30317460317460315,0.33618233618233617,0.23398692810457514
34,0.9645442588656556,0.5196078431372549,0.505782063375607,1.3322963190078736,0.2,0.27326007326007323,0.2250712250712251,0.19444444444444442
