participant_id,site_code,split,severity_class,embedding_dimension,source_t1_path,preprocessed_t1_path,checkpoint_path,extraction_status
29151,NYU_2,train,High,512,D:\Projects\MRI_Autism\mri 2\data\raw\abide2_t1\NYU_2_29151_raw.nii.gz,D:\Projects\MRI_Autism\mri 2\data\preprocessed\structural\NYU_2_29151.npy,D:\Projects\MRI_Autism\mri 2\models\checkpoints\best_resnet3d.pth,SUCCESS
28982,OHSU_1,train,Moderate,512,D:\Projects\MRI_Autism\mri 2\data\raw\abide2_t1\OHSU_1_28982_raw.nii.gz,D:\Projects\MRI_Autism\mri 2\data\preprocessed\structural\OHSU_1_28982.npy,D:\Projects\MRI_Autism\mri 2\models\checkpoints\best_resnet3d.pth,SUCCESS
29191,NYU_1,train,Moderate,512,D:\Projects\MRI_Autism\mri 2\data\raw\abide2_t1\NYU_1_29191_raw.nii.gz,D:\Projects\MRI_Autism\mri 2\data\preprocessed\structural\NYU_1_29191.npy,D:\Projects\MRI_Autism\mri 2\models\checkpoints\best_resnet3d.pth,SUCCESS
28995,OHSU_1,train,Moderate,512,D:\Projects\MRI_Autism\mri 2\data\raw\abide2_t1\OHSU_1_28995_raw.nii.gz,D:\Projects\MRI_Autism\mri 2\data\preprocessed\structural\OHSU_1_28995.npy,D:\Projects\MRI_Autism\mri 2\models\checkpoints\best_resnet3d.pth,SUCCESS
28853,SDSU_1,train,High,512,D:\Projects\MRI_Autism\mri 2\data\raw\abide2_t1\SDSU_1_28853_raw.nii.gz,D:\Projects\MRI_Autism\mri 2\data\preprocessed\structural\SDSU_1_28853.npy,D:\Projects\MRI_Autism\mri 2\models\checkpoints\best_resnet3d.pth,SUCCESS
30005,UCD_1,train,Moderate,512,D:\Projects\MRI_Autism\mri 2\data\raw\abide2_t1\UCD_1_30005_raw.nii.gz,D:\Projects\MRI_Autism\mri 2\data\preprocessed\structural\UCD_1_30005.npy,D:\Projects\MRI_Autism\mri 2\models\checkpoints\best_resnet3d.pth,SUCCESS
30156,OHSU_1,train,Moderate,512,D:\Projects\MRI_Autism\mri 2\data\raw\abide2_t1\OHSU_1_30156_raw.nii.gz,D:\Projects\MRI_Autism\mri 2\data\preprocessed\structural\OHSU_1_30156.npy,D:\Projects\MRI_Autism\mri 2\models\checkpoints\best_resnet3d.pth,SUCCESS
28874,SDSU_1,train,High,512,D:\Projects\MRI_Autism\mri 2\data\raw\abide2_t1\SDSU_1_28874_raw.nii.gz,D:\Projects\MRI_Autism\mri 2\data\preprocessed\structural\SDSU_1_28874.npy,D:\Projects\MRI_Autism\mri 2\models\checkpoints\best_resnet3d.pth,SUCCESS
28924,OHSU_1,train,High,512,D:\Projects\MRI_Autism\mri 2\data\raw\abide2_t1\OHSU_1_28924_raw.nii.gz,D:\Projects\MRI_Autism\mri 2\data\preprocessed\structural\OHSU_1_28924.npy,D:\Projects\MRI_Autism\mri 2\models\checkpoints\best_resnet3d.pth,SUCCESS
28963,OHSU_1,train,Moderate,512,D:\Projects\MRI_Autism\mri 2\data\raw\abide2_t1\OHSU_1_28963_raw.nii.gz,D:\Projects\MRI_Autism\mri 2\data\preprocessed\structural\OHSU_1_28963.npy,D:\Projects\MRI_Autism\mri 2\models\checkpoints\best_resnet3d.pth,SUCCESS
28938,OHSU_1,train,High,512,D:\Projects\MRI_Autism\mri 2\data\raw\abide2_t1\OHSU_1_28938_raw.nii.gz,D:\Projects\MRI_Autism\mri 2\data\preprocessed\structural\OHSU_1_28938.npy,D:\Projects\MRI_Autism\mri 2\models\checkpoints\best_resnet3d.pth,SUCCESS
28986,OHSU_1,train,Moderate,512,D:\Projects\MRI_Autism\mri 2\data\raw\abide2_t1\OHSU_1_28986_raw.nii.gz,D:\Projects\MRI_Autism\mri 2\data\preprocessed\structural\OHSU_1_28986.npy,D:\Projects\MRI_Autism\mri 2\models\checkpoints\best_resnet3d.pth,SUCCESS
30010,UCD_1,train,Moderate,512,D:\Projects\MRI_Autism\mri 2\data\raw\abide2_t1\UCD_1_30010_raw.nii.gz,D:\Projects\MRI_Autism\mri 2\data\preprocessed\structural\UCD_1_30010.npy,D:\Projects\MRI_Autism\mri 2\models\checkpoints\best_resnet3d.pth,SUCCESS
29175,NYU_2,train,High,512,D:\Projects\MRI_Autism\mri 2\data\raw\abide2_t1\NYU_2_29175_raw.nii.gz,D:\Projects\MRI_Autism\mri 2\data\preprocessed\structural\NYU_2_29175.npy,D:\Projects\MRI_Autism\mri 2\models\checkpoints\best_resnet3d.pth,SUCCESS
30013,UCD_1,train,Moderate,512,D:\Projects\MRI_Autism\mri 2\data\raw\abide2_t1\UCD_1_30013_raw.nii.gz,D:\Projects\MRI_Autism\mri 2\data\preprocessed\structural\UCD_1_30013.npy,D:\Projects\MRI_Autism\mri 2\models\checkpoints\best_resnet3d.pth,SUCCESS
28864,SDSU_1,train,High,512,D:\Projects\MRI_Autism\mri 2\data\raw\abide2_t1\SDSU_1_28864_raw.nii.gz,D:\Projects\MRI_Autism\mri 2\data\preprocessed\structural\SDSU_1_28864.npy,D:\Projects\MRI_Autism\mri 2\models\checkpoints\best_resnet3d.pth,SUCCESS
29169,NYU_2,train,Moderate,512,D:\Projects\MRI_Autism\mri 2\data\raw\abide2_t1\NYU_2_29169_raw.nii.gz,D:\Projects\MRI_Autism\mri 2\data\preprocessed\structural\NYU_2_29169.npy,D:\Projects\MRI_Autism\mri 2\models\checkpoints\best_resnet3d.pth,SUCCESS
28884,SDSU_1,train,Moderate,512,D:\Projects\MRI_Autism\mri 2\data\raw\abide2_t1\SDSU_1_28884_raw.nii.gz,D:\Projects\MRI_Autism\mri 2\data\preprocessed\structural\SDSU_1_28884.npy,D:\Projects\MRI_Autism\mri 2\models\checkpoints\best_resnet3d.pth,SUCCESS
28890,SDSU_1,train,Moderate,512,D:\Projects\MRI_Autism\mri 2\data\raw\abide2_t1\SDSU_1_28890_raw.nii.gz,D:\Projects\MRI_Autism\mri 2\data\preprocessed\structural\SDSU_1_28890.npy,D:\Projects\MRI_Autism\mri 2\models\checkpoints\best_resnet3d.pth,SUCCESS
29479,KKI_1,train,High,512,D:\Projects\MRI_Autism\mri 2\data\raw\abide2_t1\KKI_1_29479_raw.nii.gz,D:\Projects\MRI_Autism\mri 2\data\preprocessed\structural\KKI_1_29479.npy,D:\Projects\MRI_Autism\mri 2\models\checkpoints\best_resnet3d.pth,SUCCESS
30011,UCD_1,train,Moderate,512,D:\Projects\MRI_Autism\mri 2\data\raw\abide2_t1\UCD_1_30011_raw.nii.gz,D:\Projects\MRI_Autism\mri 2\data\preprocessed\structural\UCD_1_30011.npy,D:\Projects\MRI_Autism\mri 2\models\checkpoints\best_resnet3d.pth,SUCCESS
29375,KKI_1,train,Moderate,512,D:\Projects\MRI_Autism\mri 2\data\raw\abide2_t1\KKI_1_29375_raw.nii.gz,D:\Projects\MRI_Autism\mri 2\data\preprocessed\structural\KKI_1_29375.npy,D:\Projects\MRI_Autism\mri 2\models\checkpoints\best_resnet3d.pth,SUCCESS
29214,NYU_1,train,Moderate,512,D:\Projects\MRI_Autism\mri 2\data\raw\abide2_t1\NYU_1_29214_raw.nii.gz,D:\Projects\MRI_Autism\mri 2\data\preprocessed\structural\NYU_1_29214.npy,D:\Projects\MRI_Autism\mri 2\models\checkpoints\best_resnet3d.pth,SUCCESS
29198,NYU_1,train,High,512,D:\Projects\MRI_Autism\mri 2\data\raw\abide2_t1\NYU_1_29198_raw.nii.gz,D:\Projects\MRI_Autism\mri 2\data\preprocessed\structural\NYU_1_29198.npy,D:\Projects\MRI_Autism\mri 2\models\checkpoints\best_resnet3d.pth,SUCCESS
29183,NYU_1,train,High,512,D:\Projects\MRI_Autism\mri 2\data\raw\abide2_t1\NYU_1_29183_raw.nii.gz,D:\Projects\MRI_Autism\mri 2\data\preprocessed\structural\NYU_1_29183.npy,D:\Projects\MRI_Autism\mri 2\models\checkpoints\best_resnet3d.pth,SUCCESS
29609,IP_1,train,Moderate,512,D:\Projects\MRI_Autism\mri 2\data\raw\abide2_t1\IP_1_29609_raw.nii.gz,D:\Projects\MRI_Autism\mri 2\data\preprocessed\structural\IP_1_29609.npy,D:\Projects\MRI_Autism\mri 2\models\checkpoints\best_resnet3d.pth,SUCCESS
29212,NYU_1,train,Low,512,D:\Projects\MRI_Autism\mri 2\data\raw\abide2_t1\NYU_1_29212_raw.nii.gz,D:\Projects\MRI_Autism\mri 2\data\preprocessed\structural\NYU_1_29212.npy,D:\Projects\MRI_Autism\mri 2\models\checkpoints\best_resnet3d.pth,SUCCESS
29735,UCLA_1,train,High,512,D:\Projects\MRI_Autism\mri 2\data\raw\abide2_t1\UCLA_1_29735_raw.nii.gz,D:\Projects\MRI_Autism\mri 2\data\preprocessed\structural\UCLA_1_29735.npy,D:\Projects\MRI_Autism\mri 2\models\checkpoints\best_resnet3d.pth,SUCCESS
28865,SDSU_1,train,High,512,D:\Projects\MRI_Autism\mri 2\data\raw\abide2_t1\SDSU_1_28865_raw.nii.gz,D:\Projects\MRI_Autism\mri 2\data\preprocessed\structural\SDSU_1_28865.npy,D:\Projects\MRI_Autism\mri 2\models\checkpoints\best_resnet3d.pth,SUCCESS
29160,NYU_2,train,Moderate,512,D:\Projects\MRI_Autism\mri 2\data\raw\abide2_t1\NYU_2_29160_raw.nii.gz,D:\Projects\MRI_Autism\mri 2\data\preprocessed\structural\NYU_2_29160.npy,D:\Projects\MRI_Autism\mri 2\models\checkpoints\best_resnet3d.pth,SUCCESS
29150,NYU_2,train,High,512,D:\Projects\MRI_Autism\mri 2\data\raw\abide2_t1\NYU_2_29150_raw.nii.gz,D:\Projects\MRI_Autism\mri 2\data\preprocessed\structural\NYU_2_29150.npy,D:\Projects\MRI_Autism\mri 2\models\checkpoints\best_resnet3d.pth,SUCCESS
29194,NYU_1,train,Moderate,512,D:\Projects\MRI_Autism\mri 2\data\raw\abide2_t1\NYU_1_29194_raw.nii.gz,D:\Projects\MRI_Autism\mri 2\data\preprocessed\structural\NYU_1_29194.npy,D:\Projects\MRI_Autism\mri 2\models\checkpoints\best_resnet3d.pth,SUCCESS
29154,NYU_2,train,High,512,D:\Projects\MRI_Autism\mri 2\data\raw\abide2_t1\NYU_2_29154_raw.nii.gz,D:\Projects\MRI_Autism\mri 2\data\preprocessed\structural\NYU_2_29154.npy,D:\Projects\MRI_Autism\mri 2\models\checkpoints\best_resnet3d.pth,SUCCESS
29210,NYU_1,train,Low,512,D:\Projects\MRI_Autism\mri 2\data\raw\abide2_t1\NYU_1_29210_raw.nii.gz,D:\Projects\MRI_Autism\mri 2\data\preprocessed\structural\NYU_1_29210.npy,D:\Projects\MRI_Autism\mri 2\models\checkpoints\best_resnet3d.pth,SUCCESS
29166,NYU_2,train,High,512,D:\Projects\MRI_Autism\mri 2\data\raw\abide2_t1\NYU_2_29166_raw.nii.gz,D:\Projects\MRI_Autism\mri 2\data\preprocessed\structural\NYU_2_29166.npy,D:\Projects\MRI_Autism\mri 2\models\checkpoints\best_resnet3d.pth,SUCCESS
30021,UCD_1,train,Moderate,512,D:\Projects\MRI_Autism\mri 2\data\raw\abide2_t1\UCD_1_30021_raw.nii.gz,D:\Projects\MRI_Autism\mri 2\data\preprocessed\structural\UCD_1_30021.npy,D:\Projects\MRI_Autism\mri 2\models\checkpoints\best_resnet3d.pth,SUCCESS
28906,SDSU_1,train,Moderate,512,D:\Projects\MRI_Autism\mri 2\data\raw\abide2_t1\SDSU_1_28906_raw.nii.gz,D:\Projects\MRI_Autism\mri 2\data\preprocessed\structural\SDSU_1_28906.npy,D:\Projects\MRI_Autism\mri 2\models\checkpoints\best_resnet3d.pth,SUCCESS
29224,NYU_1,train,Low,512,D:\Projects\MRI_Autism\mri 2\data\raw\abide2_t1\NYU_1_29224_raw.nii.gz,D:\Projects\MRI_Autism\mri 2\data\preprocessed\structural\NYU_1_29224.npy,D:\Projects\MRI_Autism\mri 2\models\checkpoints\best_resnet3d.pth,SUCCESS
28935,OHSU_1,train,Moderate,512,D:\Projects\MRI_Autism\mri 2\data\raw\abide2_t1\OHSU_1_28935_raw.nii.gz,D:\Projects\MRI_Autism\mri 2\data\preprocessed\structural\OHSU_1_28935.npy,D:\Projects\MRI_Autism\mri 2\models\checkpoints\best_resnet3d.pth,SUCCESS
30000,UCD_1,train,Low,512,D:\Projects\MRI_Autism\mri 2\data\raw\abide2_t1\UCD_1_30000_raw.nii.gz,D:\Projects\MRI_Autism\mri 2\data\preprocessed\structural\UCD_1_30000.npy,D:\Projects\MRI_Autism\mri 2\models\checkpoints\best_resnet3d.pth,SUCCESS
29197,NYU_1,train,High,512,D:\Projects\MRI_Autism\mri 2\data\raw\abide2_t1\NYU_1_29197_raw.nii.gz,D:\Projects\MRI_Autism\mri 2\data\preprocessed\structural\NYU_1_29197.npy,D:\Projects\MRI_Autism\mri 2\models\checkpoints\best_resnet3d.pth,SUCCESS
29610,IP_1,train,Moderate,512,D:\Projects\MRI_Autism\mri 2\data\raw\abide2_t1\IP_1_29610_raw.nii.gz,D:\Projects\MRI_Autism\mri 2\data\preprocessed\structural\IP_1_29610.npy,D:\Projects\MRI_Autism\mri 2\models\checkpoints\best_resnet3d.pth,SUCCESS
29208,NYU_1,train,Low,512,D:\Projects\MRI_Autism\mri 2\data\raw\abide2_t1\NYU_1_29208_raw.nii.gz,D:\Projects\MRI_Autism\mri 2\data\preprocessed\structural\NYU_1_29208.npy,D:\Projects\MRI_Autism\mri 2\models\checkpoints\best_resnet3d.pth,SUCCESS
29164,NYU_2,train,High,512,D:\Projects\MRI_Autism\mri 2\data\raw\abide2_t1\NYU_2_29164_raw.nii.gz,D:\Projects\MRI_Autism\mri 2\data\preprocessed\structural\NYU_2_29164.npy,D:\Projects\MRI_Autism\mri 2\models\checkpoints\best_resnet3d.pth,SUCCESS
28879,SDSU_1,train,High,512,D:\Projects\MRI_Autism\mri 2\data\raw\abide2_t1\SDSU_1_28879_raw.nii.gz,D:\Projects\MRI_Autism\mri 2\data\preprocessed\structural\SDSU_1_28879.npy,D:\Projects\MRI_Autism\mri 2\models\checkpoints\best_resnet3d.pth,SUCCESS
29219,NYU_1,train,Low,512,D:\Projects\MRI_Autism\mri 2\data\raw\abide2_t1\NYU_1_29219_raw.nii.gz,D:\Projects\MRI_Autism\mri 2\data\preprocessed\structural\NYU_1_29219.npy,D:\Projects\MRI_Autism\mri 2\models\checkpoints\best_resnet3d.pth,SUCCESS
29170,NYU_2,train,High,512,D:\Projects\MRI_Autism\mri 2\data\raw\abide2_t1\NYU_2_29170_raw.nii.gz,D:\Projects\MRI_Autism\mri 2\data\preprocessed\structural\NYU_2_29170.npy,D:\Projects\MRI_Autism\mri 2\models\checkpoints\best_resnet3d.pth,SUCCESS
29153,NYU_2,train,Moderate,512,D:\Projects\MRI_Autism\mri 2\data\raw\abide2_t1\NYU_2_29153_raw.nii.gz,D:\Projects\MRI_Autism\mri 2\data\preprocessed\structural\NYU_2_29153.npy,D:\Projects\MRI_Autism\mri 2\models\checkpoints\best_resnet3d.pth,SUCCESS
30019,UCD_1,train,Low,512,D:\Projects\MRI_Autism\mri 2\data\raw\abide2_t1\UCD_1_30019_raw.nii.gz,D:\Projects\MRI_Autism\mri 2\data\preprocessed\structural\UCD_1_30019.npy,D:\Projects\MRI_Autism\mri 2\models\checkpoints\best_resnet3d.pth,SUCCESS
28871,SDSU_1,train,Moderate,512,D:\Projects\MRI_Autism\mri 2\data\raw\abide2_t1\SDSU_1_28871_raw.nii.gz,D:\Projects\MRI_Autism\mri 2\data\preprocessed\structural\SDSU_1_28871.npy,D:\Projects\MRI_Autism\mri 2\models\checkpoints\best_resnet3d.pth,SUCCESS
28896,SDSU_1,train,Low,512,D:\Projects\MRI_Autism\mri 2\data\raw\abide2_t1\SDSU_1_28896_raw.nii.gz,D:\Projects\MRI_Autism\mri 2\data\preprocessed\structural\SDSU_1_28896.npy,D:\Projects\MRI_Autism\mri 2\models\checkpoints\best_resnet3d.pth,SUCCESS
29739,UCLA_1,train,Moderate,512,D:\Projects\MRI_Autism\mri 2\data\raw\abide2_t1\UCLA_1_29739_raw.nii.gz,D:\Projects\MRI_Autism\mri 2\data\preprocessed\structural\UCLA_1_29739.npy,D:\Projects\MRI_Autism\mri 2\models\checkpoints\best_resnet3d.pth,SUCCESS
29173,NYU_2,train,High,512,D:\Projects\MRI_Autism\mri 2\data\raw\abide2_t1\NYU_2_29173_raw.nii.gz,D:\Projects\MRI_Autism\mri 2\data\preprocessed\structural\NYU_2_29173.npy,D:\Projects\MRI_Autism\mri 2\models\checkpoints\best_resnet3d.pth,SUCCESS
28898,SDSU_1,train,High,512,D:\Projects\MRI_Autism\mri 2\data\raw\abide2_t1\SDSU_1_28898_raw.nii.gz,D:\Projects\MRI_Autism\mri 2\data\preprocessed\structural\SDSU_1_28898.npy,D:\Projects\MRI_Autism\mri 2\models\checkpoints\best_resnet3d.pth,SUCCESS
29182,NYU_1,train,Moderate,512,D:\Projects\MRI_Autism\mri 2\data\raw\abide2_t1\NYU_1_29182_raw.nii.gz,D:\Projects\MRI_Autism\mri 2\data\preprocessed\structural\NYU_1_29182.npy,D:\Projects\MRI_Autism\mri 2\models\checkpoints\best_resnet3d.pth,SUCCESS
28997,OHSU_1,train,Moderate,512,D:\Projects\MRI_Autism\mri 2\data\raw\abide2_t1\OHSU_1_28997_raw.nii.gz,D:\Projects\MRI_Autism\mri 2\data\preprocessed\structural\OHSU_1_28997.npy,D:\Projects\MRI_Autism\mri 2\models\checkpoints\best_resnet3d.pth,SUCCESS
29221,NYU_1,train,Low,512,D:\Projects\MRI_Autism\mri 2\data\raw\abide2_t1\NYU_1_29221_raw.nii.gz,D:\Projects\MRI_Autism\mri 2\data\preprocessed\structural\NYU_1_29221.npy,D:\Projects\MRI_Autism\mri 2\models\checkpoints\best_resnet3d.pth,SUCCESS
28903,SDSU_1,train,Moderate,512,D:\Projects\MRI_Autism\mri 2\data\raw\abide2_t1\SDSU_1_28903_raw.nii.gz,D:\Projects\MRI_Autism\mri 2\data\preprocessed\structural\SDSU_1_28903.npy,D:\Projects\MRI_Autism\mri 2\models\checkpoints\best_resnet3d.pth,SUCCESS
28899,SDSU_1,train,High,512,D:\Projects\MRI_Autism\mri 2\data\raw\abide2_t1\SDSU_1_28899_raw.nii.gz,D:\Projects\MRI_Autism\mri 2\data\preprocessed\structural\SDSU_1_28899.npy,D:\Projects\MRI_Autism\mri 2\models\checkpoints\best_resnet3d.pth,SUCCESS
29211,NYU_1,train,Low,512,D:\Projects\MRI_Autism\mri 2\data\raw\abide2_t1\NYU_1_29211_raw.nii.gz,D:\Projects\MRI_Autism\mri 2\data\preprocessed\structural\NYU_1_29211.npy,D:\Projects\MRI_Autism\mri 2\models\checkpoints\best_resnet3d.pth,SUCCESS
29205,NYU_1,train,Moderate,512,D:\Projects\MRI_Autism\mri 2\data\raw\abide2_t1\NYU_1_29205_raw.nii.gz,D:\Projects\MRI_Autism\mri 2\data\preprocessed\structural\NYU_1_29205.npy,D:\Projects\MRI_Autism\mri 2\models\checkpoints\best_resnet3d.pth,SUCCESS
29619,IP_1,train,High,512,D:\Projects\MRI_Autism\mri 2\data\raw\abide2_t1\IP_1_29619_raw.nii.gz,D:\Projects\MRI_Autism\mri 2\data\preprocessed\structural\IP_1_29619.npy,D:\Projects\MRI_Autism\mri 2\models\checkpoints\best_resnet3d.pth,SUCCESS
29213,NYU_1,train,Low,512,D:\Projects\MRI_Autism\mri 2\data\raw\abide2_t1\NYU_1_29213_raw.nii.gz,D:\Projects\MRI_Autism\mri 2\data\preprocessed\structural\NYU_1_29213.npy,D:\Projects\MRI_Autism\mri 2\models\checkpoints\best_resnet3d.pth,SUCCESS
29179,NYU_1,train,Moderate,512,D:\Projects\MRI_Autism\mri 2\data\raw\abide2_t1\NYU_1_29179_raw.nii.gz,D:\Projects\MRI_Autism\mri 2\data\preprocessed\structural\NYU_1_29179.npy,D:\Projects\MRI_Autism\mri 2\models\checkpoints\best_resnet3d.pth,SUCCESS
29730,UCLA_1,train,High,512,D:\Projects\MRI_Autism\mri 2\data\raw\abide2_t1\UCLA_1_29730_raw.nii.gz,D:\Projects\MRI_Autism\mri 2\data\preprocessed\structural\UCLA_1_29730.npy,D:\Projects\MRI_Autism\mri 2\models\checkpoints\best_resnet3d.pth,SUCCESS
29163,NYU_2,train,Moderate,512,D:\Projects\MRI_Autism\mri 2\data\raw\abide2_t1\NYU_2_29163_raw.nii.gz,D:\Projects\MRI_Autism\mri 2\data\preprocessed\structural\NYU_2_29163.npy,D:\Projects\MRI_Autism\mri 2\models\checkpoints\best_resnet3d.pth,SUCCESS
29177,NYU_1,train,High,512,D:\Projects\MRI_Autism\mri 2\data\raw\abide2_t1\NYU_1_29177_raw.nii.gz,D:\Projects\MRI_Autism\mri 2\data\preprocessed\structural\NYU_1_29177.npy,D:\Projects\MRI_Autism\mri 2\models\checkpoints\best_resnet3d.pth,SUCCESS
28992,OHSU_1,train,Moderate,512,D:\Projects\MRI_Autism\mri 2\data\raw\abide2_t1\OHSU_1_28992_raw.nii.gz,D:\Projects\MRI_Autism\mri 2\data\preprocessed\structural\OHSU_1_28992.npy,D:\Projects\MRI_Autism\mri 2\models\checkpoints\best_resnet3d.pth,SUCCESS
28843,GU_1,train,Moderate,512,D:\Projects\MRI_Autism\mri 2\data\raw\abide2_t1\GU_1_28843_raw.nii.gz,D:\Projects\MRI_Autism\mri 2\data\preprocessed\structural\GU_1_28843.npy,D:\Projects\MRI_Autism\mri 2\models\checkpoints\best_resnet3d.pth,SUCCESS
29734,UCLA_1,train,High,512,D:\Projects\MRI_Autism\mri 2\data\raw\abide2_t1\UCLA_1_29734_raw.nii.gz,D:\Projects\MRI_Autism\mri 2\data\preprocessed\structural\UCLA_1_29734.npy,D:\Projects\MRI_Autism\mri 2\models\checkpoints\best_resnet3d.pth,SUCCESS
29738,UCLA_1,train,High,512,D:\Projects\MRI_Autism\mri 2\data\raw\abide2_t1\UCLA_1_29738_raw.nii.gz,D:\Projects\MRI_Autism\mri 2\data\preprocessed\structural\UCLA_1_29738.npy,D:\Projects\MRI_Autism\mri 2\models\checkpoints\best_resnet3d.pth,SUCCESS
29165,NYU_2,train,Moderate,512,D:\Projects\MRI_Autism\mri 2\data\raw\abide2_t1\NYU_2_29165_raw.nii.gz,D:\Projects\MRI_Autism\mri 2\data\preprocessed\structural\NYU_2_29165.npy,D:\Projects\MRI_Autism\mri 2\models\checkpoints\best_resnet3d.pth,SUCCESS
29434,KKI_1,train,Low,512,D:\Projects\MRI_Autism\mri 2\data\raw\abide2_t1\KKI_1_29434_raw.nii.gz,D:\Projects\MRI_Autism\mri 2\data\preprocessed\structural\KKI_1_29434.npy,D:\Projects\MRI_Autism\mri 2\models\checkpoints\best_resnet3d.pth,SUCCESS
29731,UCLA_1,train,High,512,D:\Projects\MRI_Autism\mri 2\data\raw\abide2_t1\UCLA_1_29731_raw.nii.gz,D:\Projects\MRI_Autism\mri 2\data\preprocessed\structural\UCLA_1_29731.npy,D:\Projects\MRI_Autism\mri 2\models\checkpoints\best_resnet3d.pth,SUCCESS
29393,KKI_1,train,Low,512,D:\Projects\MRI_Autism\mri 2\data\raw\abide2_t1\KKI_1_29393_raw.nii.gz,D:\Projects\MRI_Autism\mri 2\data\preprocessed\structural\KKI_1_29393.npy,D:\Projects\MRI_Autism\mri 2\models\checkpoints\best_resnet3d.pth,SUCCESS
29172,NYU_2,train,Moderate,512,D:\Projects\MRI_Autism\mri 2\data\raw\abide2_t1\NYU_2_29172_raw.nii.gz,D:\Projects\MRI_Autism\mri 2\data\preprocessed\structural\NYU_2_29172.npy,D:\Projects\MRI_Autism\mri 2\models\checkpoints\best_resnet3d.pth,SUCCESS
29187,NYU_1,train,Moderate,512,D:\Projects\MRI_Autism\mri 2\data\raw\abide2_t1\NYU_1_29187_raw.nii.gz,D:\Projects\MRI_Autism\mri 2\data\preprocessed\structural\NYU_1_29187.npy,D:\Projects\MRI_Autism\mri 2\models\checkpoints\best_resnet3d.pth,SUCCESS
28901,SDSU_1,train,Moderate,512,D:\Projects\MRI_Autism\mri 2\data\raw\abide2_t1\SDSU_1_28901_raw.nii.gz,D:\Projects\MRI_Autism\mri 2\data\preprocessed\structural\SDSU_1_28901.npy,D:\Projects\MRI_Autism\mri 2\models\checkpoints\best_resnet3d.pth,SUCCESS
29415,KKI_1,train,Moderate,512,D:\Projects\MRI_Autism\mri 2\data\raw\abide2_t1\KKI_1_29415_raw.nii.gz,D:\Projects\MRI_Autism\mri 2\data\preprocessed\structural\KKI_1_29415.npy,D:\Projects\MRI_Autism\mri 2\models\checkpoints\best_resnet3d.pth,SUCCESS
29606,IP_1,train,High,512,D:\Projects\MRI_Autism\mri 2\data\raw\abide2_t1\IP_1_29606_raw.nii.gz,D:\Projects\MRI_Autism\mri 2\data\preprocessed\structural\IP_1_29606.npy,D:\Projects\MRI_Autism\mri 2\models\checkpoints\best_resnet3d.pth,SUCCESS
28927,OHSU_1,train,High,512,D:\Projects\MRI_Autism\mri 2\data\raw\abide2_t1\OHSU_1_28927_raw.nii.gz,D:\Projects\MRI_Autism\mri 2\data\preprocessed\structural\OHSU_1_28927.npy,D:\Projects\MRI_Autism\mri 2\models\checkpoints\best_resnet3d.pth,SUCCESS
30026,UCD_1,train,Low,512,D:\Projects\MRI_Autism\mri 2\data\raw\abide2_t1\UCD_1_30026_raw.nii.gz,D:\Projects\MRI_Autism\mri 2\data\preprocessed\structural\UCD_1_30026.npy,D:\Projects\MRI_Autism\mri 2\models\checkpoints\best_resnet3d.pth,SUCCESS
29216,NYU_1,train,Low,512,D:\Projects\MRI_Autism\mri 2\data\raw\abide2_t1\NYU_1_29216_raw.nii.gz,D:\Projects\MRI_Autism\mri 2\data\preprocessed\structural\NYU_1_29216.npy,D:\Projects\MRI_Autism\mri 2\models\checkpoints\best_resnet3d.pth,SUCCESS
29167,NYU_2,train,Low,512,D:\Projects\MRI_Autism\mri 2\data\raw\abide2_t1\NYU_2_29167_raw.nii.gz,D:\Projects\MRI_Autism\mri 2\data\preprocessed\structural\NYU_2_29167.npy,D:\Projects\MRI_Autism\mri 2\models\checkpoints\best_resnet3d.pth,SUCCESS
29203,NYU_1,train,Moderate,512,D:\Projects\MRI_Autism\mri 2\data\raw\abide2_t1\NYU_1_29203_raw.nii.gz,D:\Projects\MRI_Autism\mri 2\data\preprocessed\structural\NYU_1_29203.npy,D:\Projects\MRI_Autism\mri 2\models\checkpoints\best_resnet3d.pth,SUCCESS
30028,UCD_1,train,High,512,D:\Projects\MRI_Autism\mri 2\data\raw\abide2_t1\UCD_1_30028_raw.nii.gz,D:\Projects\MRI_Autism\mri 2\data\preprocessed\structural\UCD_1_30028.npy,D:\Projects\MRI_Autism\mri 2\models\checkpoints\best_resnet3d.pth,SUCCESS
28967,OHSU_1,train,High,512,D:\Projects\MRI_Autism\mri 2\data\raw\abide2_t1\OHSU_1_28967_raw.nii.gz,D:\Projects\MRI_Autism\mri 2\data\preprocessed\structural\OHSU_1_28967.npy,D:\Projects\MRI_Autism\mri 2\models\checkpoints\best_resnet3d.pth,SUCCESS
28908,SDSU_1,train,Low,512,D:\Projects\MRI_Autism\mri 2\data\raw\abide2_t1\SDSU_1_28908_raw.nii.gz,D:\Projects\MRI_Autism\mri 2\data\preprocessed\structural\SDSU_1_28908.npy,D:\Projects\MRI_Autism\mri 2\models\checkpoints\best_resnet3d.pth,SUCCESS
30016,UCD_1,train,Low,512,D:\Projects\MRI_Autism\mri 2\data\raw\abide2_t1\UCD_1_30016_raw.nii.gz,D:\Projects\MRI_Autism\mri 2\data\preprocessed\structural\UCD_1_30016.npy,D:\Projects\MRI_Autism\mri 2\models\checkpoints\best_resnet3d.pth,SUCCESS
29184,NYU_1,train,High,512,D:\Projects\MRI_Autism\mri 2\data\raw\abide2_t1\NYU_1_29184_raw.nii.gz,D:\Projects\MRI_Autism\mri 2\data\preprocessed\structural\NYU_1_29184.npy,D:\Projects\MRI_Autism\mri 2\models\checkpoints\best_resnet3d.pth,SUCCESS
29186,NYU_1,train,Moderate,512,D:\Projects\MRI_Autism\mri 2\data\raw\abide2_t1\NYU_1_29186_raw.nii.gz,D:\Projects\MRI_Autism\mri 2\data\preprocessed\structural\NYU_1_29186.npy,D:\Projects\MRI_Autism\mri 2\models\checkpoints\best_resnet3d.pth,SUCCESS
29155,NYU_2,train,High,512,D:\Projects\MRI_Autism\mri 2\data\raw\abide2_t1\NYU_2_29155_raw.nii.gz,D:\Projects\MRI_Autism\mri 2\data\preprocessed\structural\NYU_2_29155.npy,D:\Projects\MRI_Autism\mri 2\models\checkpoints\best_resnet3d.pth,SUCCESS
29196,NYU_1,train,High,512,D:\Projects\MRI_Autism\mri 2\data\raw\abide2_t1\NYU_1_29196_raw.nii.gz,D:\Projects\MRI_Autism\mri 2\data\preprocessed\structural\NYU_1_29196.npy,D:\Projects\MRI_Autism\mri 2\models\checkpoints\best_resnet3d.pth,SUCCESS
29737,UCLA_1,train,High,512,D:\Projects\MRI_Autism\mri 2\data\raw\abide2_t1\UCLA_1_29737_raw.nii.gz,D:\Projects\MRI_Autism\mri 2\data\preprocessed\structural\UCLA_1_29737.npy,D:\Projects\MRI_Autism\mri 2\models\checkpoints\best_resnet3d.pth,SUCCESS
28861,SDSU_1,train,High,512,D:\Projects\MRI_Autism\mri 2\data\raw\abide2_t1\SDSU_1_28861_raw.nii.gz,D:\Projects\MRI_Autism\mri 2\data\preprocessed\structural\SDSU_1_28861.npy,D:\Projects\MRI_Autism\mri 2\models\checkpoints\best_resnet3d.pth,SUCCESS
28933,OHSU_1,train,Moderate,512,D:\Projects\MRI_Autism\mri 2\data\raw\abide2_t1\OHSU_1_28933_raw.nii.gz,D:\Projects\MRI_Autism\mri 2\data\preprocessed\structural\OHSU_1_28933.npy,D:\Projects\MRI_Autism\mri 2\models\checkpoints\best_resnet3d.pth,SUCCESS
29200,NYU_1,train,High,512,D:\Projects\MRI_Autism\mri 2\data\raw\abide2_t1\NYU_1_29200_raw.nii.gz,D:\Projects\MRI_Autism\mri 2\data\preprocessed\structural\NYU_1_29200.npy,D:\Projects\MRI_Autism\mri 2\models\checkpoints\best_resnet3d.pth,SUCCESS
29209,NYU_1,train,Low,512,D:\Projects\MRI_Autism\mri 2\data\raw\abide2_t1\NYU_1_29209_raw.nii.gz,D:\Projects\MRI_Autism\mri 2\data\preprocessed\structural\NYU_1_29209.npy,D:\Projects\MRI_Autism\mri 2\models\checkpoints\best_resnet3d.pth,SUCCESS
28968,OHSU_1,train,Moderate,512,D:\Projects\MRI_Autism\mri 2\data\raw\abide2_t1\OHSU_1_28968_raw.nii.gz,D:\Projects\MRI_Autism\mri 2\data\preprocessed\structural\OHSU_1_28968.npy,D:\Projects\MRI_Autism\mri 2\models\checkpoints\best_resnet3d.pth,SUCCESS
29157,NYU_2,train,Moderate,512,D:\Projects\MRI_Autism\mri 2\data\raw\abide2_t1\NYU_2_29157_raw.nii.gz,D:\Projects\MRI_Autism\mri 2\data\preprocessed\structural\NYU_2_29157.npy,D:\Projects\MRI_Autism\mri 2\models\checkpoints\best_resnet3d.pth,SUCCESS
28873,SDSU_1,train,High,512,D:\Projects\MRI_Autism\mri 2\data\raw\abide2_t1\SDSU_1_28873_raw.nii.gz,D:\Projects\MRI_Autism\mri 2\data\preprocessed\structural\SDSU_1_28873.npy,D:\Projects\MRI_Autism\mri 2\models\checkpoints\best_resnet3d.pth,SUCCESS
29202,NYU_1,train,Moderate,512,D:\Projects\MRI_Autism\mri 2\data\raw\abide2_t1\NYU_1_29202_raw.nii.gz,D:\Projects\MRI_Autism\mri 2\data\preprocessed\structural\NYU_1_29202.npy,D:\Projects\MRI_Autism\mri 2\models\checkpoints\best_resnet3d.pth,SUCCESS
29435,KKI_1,val,High,512,D:\Projects\MRI_Autism\mri 2\data\raw\abide2_t1\KKI_1_29435_raw.nii.gz,D:\Projects\MRI_Autism\mri 2\data\preprocessed\structural\KKI_1_29435.npy,D:\Projects\MRI_Autism\mri 2\models\checkpoints\best_resnet3d.pth,SUCCESS
28876,SDSU_1,val,High,512,D:\Projects\MRI_Autism\mri 2\data\raw\abide2_t1\SDSU_1_28876_raw.nii.gz,D:\Projects\MRI_Autism\mri 2\data\preprocessed\structural\SDSU_1_28876.npy,D:\Projects\MRI_Autism\mri 2\models\checkpoints\best_resnet3d.pth,SUCCESS
28857,SDSU_1,val,High,512,D:\Projects\MRI_Autism\mri 2\data\raw\abide2_t1\SDSU_1_28857_raw.nii.gz,D:\Projects\MRI_Autism\mri 2\data\preprocessed\structural\SDSU_1_28857.npy,D:\Projects\MRI_Autism\mri 2\models\checkpoints\best_resnet3d.pth,SUCCESS
29161,NYU_2,val,High,512,D:\Projects\MRI_Autism\mri 2\data\raw\abide2_t1\NYU_2_29161_raw.nii.gz,D:\Projects\MRI_Autism\mri 2\data\preprocessed\structural\NYU_2_29161.npy,D:\Projects\MRI_Autism\mri 2\models\checkpoints\best_resnet3d.pth,SUCCESS
29189,NYU_1,val,High,512,D:\Projects\MRI_Autism\mri 2\data\raw\abide2_t1\NYU_1_29189_raw.nii.gz,D:\Projects\MRI_Autism\mri 2\data\preprocessed\structural\NYU_1_29189.npy,D:\Projects\MRI_Autism\mri 2\models\checkpoints\best_resnet3d.pth,SUCCESS
28844,GU_1,val,Low,512,D:\Projects\MRI_Autism\mri 2\data\raw\abide2_t1\GU_1_28844_raw.nii.gz,D:\Projects\MRI_Autism\mri 2\data\preprocessed\structural\GU_1_28844.npy,D:\Projects\MRI_Autism\mri 2\models\checkpoints\best_resnet3d.pth,SUCCESS
28869,SDSU_1,val,High,512,D:\Projects\MRI_Autism\mri 2\data\raw\abide2_t1\SDSU_1_28869_raw.nii.gz,D:\Projects\MRI_Autism\mri 2\data\preprocessed\structural\SDSU_1_28869.npy,D:\Projects\MRI_Autism\mri 2\models\checkpoints\best_resnet3d.pth,SUCCESS
29152,NYU_2,val,Low,512,D:\Projects\MRI_Autism\mri 2\data\raw\abide2_t1\NYU_2_29152_raw.nii.gz,D:\Projects\MRI_Autism\mri 2\data\preprocessed\structural\NYU_2_29152.npy,D:\Projects\MRI_Autism\mri 2\models\checkpoints\best_resnet3d.pth,SUCCESS
29223,NYU_1,val,High,512,D:\Projects\MRI_Autism\mri 2\data\raw\abide2_t1\NYU_1_29223_raw.nii.gz,D:\Projects\MRI_Autism\mri 2\data\preprocessed\structural\NYU_1_29223.npy,D:\Projects\MRI_Autism\mri 2\models\checkpoints\best_resnet3d.pth,SUCCESS
29162,NYU_2,val,High,512,D:\Projects\MRI_Autism\mri 2\data\raw\abide2_t1\NYU_2_29162_raw.nii.gz,D:\Projects\MRI_Autism\mri 2\data\preprocessed\structural\NYU_2_29162.npy,D:\Projects\MRI_Autism\mri 2\models\checkpoints\best_resnet3d.pth,SUCCESS
29376,KKI_1,val,High,512,D:\Projects\MRI_Autism\mri 2\data\raw\abide2_t1\KKI_1_29376_raw.nii.gz,D:\Projects\MRI_Autism\mri 2\data\preprocessed\structural\KKI_1_29376.npy,D:\Projects\MRI_Autism\mri 2\models\checkpoints\best_resnet3d.pth,SUCCESS
28838,GU_1,val,Moderate,512,D:\Projects\MRI_Autism\mri 2\data\raw\abide2_t1\GU_1_28838_raw.nii.gz,D:\Projects\MRI_Autism\mri 2\data\preprocessed\structural\GU_1_28838.npy,D:\Projects\MRI_Autism\mri 2\models\checkpoints\best_resnet3d.pth,SUCCESS
29193,NYU_1,val,Low,512,D:\Projects\MRI_Autism\mri 2\data\raw\abide2_t1\NYU_1_29193_raw.nii.gz,D:\Projects\MRI_Autism\mri 2\data\preprocessed\structural\NYU_1_29193.npy,D:\Projects\MRI_Autism\mri 2\models\checkpoints\best_resnet3d.pth,SUCCESS
28820,GU_1,val,Moderate,512,D:\Projects\MRI_Autism\mri 2\data\raw\abide2_t1\GU_1_28820_raw.nii.gz,D:\Projects\MRI_Autism\mri 2\data\preprocessed\structural\GU_1_28820.npy,D:\Projects\MRI_Autism\mri 2\models\checkpoints\best_resnet3d.pth,SUCCESS
29624,IP_1,val,Moderate,512,D:\Projects\MRI_Autism\mri 2\data\raw\abide2_t1\IP_1_29624_raw.nii.gz,D:\Projects\MRI_Autism\mri 2\data\preprocessed\structural\IP_1_29624.npy,D:\Projects\MRI_Autism\mri 2\models\checkpoints\best_resnet3d.pth,SUCCESS
28964,OHSU_1,val,Moderate,512,D:\Projects\MRI_Autism\mri 2\data\raw\abide2_t1\OHSU_1_28964_raw.nii.gz,D:\Projects\MRI_Autism\mri 2\data\preprocessed\structural\OHSU_1_28964.npy,D:\Projects\MRI_Autism\mri 2\models\checkpoints\best_resnet3d.pth,SUCCESS
29188,NYU_1,val,Moderate,512,D:\Projects\MRI_Autism\mri 2\data\raw\abide2_t1\NYU_1_29188_raw.nii.gz,D:\Projects\MRI_Autism\mri 2\data\preprocessed\structural\NYU_1_29188.npy,D:\Projects\MRI_Autism\mri 2\models\checkpoints\best_resnet3d.pth,SUCCESS
30017,UCD_1,val,High,512,D:\Projects\MRI_Autism\mri 2\data\raw\abide2_t1\UCD_1_30017_raw.nii.gz,D:\Projects\MRI_Autism\mri 2\data\preprocessed\structural\UCD_1_30017.npy,D:\Projects\MRI_Autism\mri 2\models\checkpoints\best_resnet3d.pth,SUCCESS
28860,SDSU_1,val,High,512,D:\Projects\MRI_Autism\mri 2\data\raw\abide2_t1\SDSU_1_28860_raw.nii.gz,D:\Projects\MRI_Autism\mri 2\data\preprocessed\structural\SDSU_1_28860.npy,D:\Projects\MRI_Autism\mri 2\models\checkpoints\best_resnet3d.pth,SUCCESS
28941,OHSU_1,val,High,512,D:\Projects\MRI_Autism\mri 2\data\raw\abide2_t1\OHSU_1_28941_raw.nii.gz,D:\Projects\MRI_Autism\mri 2\data\preprocessed\structural\OHSU_1_28941.npy,D:\Projects\MRI_Autism\mri 2\models\checkpoints\best_resnet3d.pth,SUCCESS
29458,KKI_1,val,High,512,D:\Projects\MRI_Autism\mri 2\data\raw\abide2_t1\KKI_1_29458_raw.nii.gz,D:\Projects\MRI_Autism\mri 2\data\preprocessed\structural\KKI_1_29458.npy,D:\Projects\MRI_Autism\mri 2\models\checkpoints\best_resnet3d.pth,SUCCESS
30018,UCD_1,val,Moderate,512,D:\Projects\MRI_Autism\mri 2\data\raw\abide2_t1\UCD_1_30018_raw.nii.gz,D:\Projects\MRI_Autism\mri 2\data\preprocessed\structural\UCD_1_30018.npy,D:\Projects\MRI_Autism\mri 2\models\checkpoints\best_resnet3d.pth,SUCCESS
28939,OHSU_1,val,Moderate,512,D:\Projects\MRI_Autism\mri 2\data\raw\abide2_t1\OHSU_1_28939_raw.nii.gz,D:\Projects\MRI_Autism\mri 2\data\preprocessed\structural\OHSU_1_28939.npy,D:\Projects\MRI_Autism\mri 2\models\checkpoints\best_resnet3d.pth,SUCCESS
29192,NYU_1,val,Moderate,512,D:\Projects\MRI_Autism\mri 2\data\raw\abide2_t1\NYU_1_29192_raw.nii.gz,D:\Projects\MRI_Autism\mri 2\data\preprocessed\structural\NYU_1_29192.npy,D:\Projects\MRI_Autism\mri 2\models\checkpoints\best_resnet3d.pth,SUCCESS
28998,OHSU_1,val,Moderate,512,D:\Projects\MRI_Autism\mri 2\data\raw\abide2_t1\OHSU_1_28998_raw.nii.gz,D:\Projects\MRI_Autism\mri 2\data\preprocessed\structural\OHSU_1_28998.npy,D:\Projects\MRI_Autism\mri 2\models\checkpoints\best_resnet3d.pth,SUCCESS
28987,OHSU_1,test,Moderate,512,D:\Projects\MRI_Autism\mri 2\data\raw\abide2_t1\OHSU_1_28987_raw.nii.gz,D:\Projects\MRI_Autism\mri 2\data\preprocessed\structural\OHSU_1_28987.npy,D:\Projects\MRI_Autism\mri 2\models\checkpoints\best_resnet3d.pth,SUCCESS
28872,SDSU_1,test,High,512,D:\Projects\MRI_Autism\mri 2\data\raw\abide2_t1\SDSU_1_28872_raw.nii.gz,D:\Projects\MRI_Autism\mri 2\data\preprocessed\structural\SDSU_1_28872.npy,D:\Projects\MRI_Autism\mri 2\models\checkpoints\best_resnet3d.pth,SUCCESS
28949,OHSU_1,test,Low,512,D:\Projects\MRI_Autism\mri 2\data\raw\abide2_t1\OHSU_1_28949_raw.nii.gz,D:\Projects\MRI_Autism\mri 2\data\preprocessed\structural\OHSU_1_28949.npy,D:\Projects\MRI_Autism\mri 2\models\checkpoints\best_resnet3d.pth,SUCCESS
28855,SDSU_1,test,Moderate,512,D:\Projects\MRI_Autism\mri 2\data\raw\abide2_t1\SDSU_1_28855_raw.nii.gz,D:\Projects\MRI_Autism\mri 2\data\preprocessed\structural\SDSU_1_28855.npy,D:\Projects\MRI_Autism\mri 2\models\checkpoints\best_resnet3d.pth,SUCCESS
29400,KKI_1,test,Low,512,D:\Projects\MRI_Autism\mri 2\data\raw\abide2_t1\KKI_1_29400_raw.nii.gz,D:\Projects\MRI_Autism\mri 2\data\preprocessed\structural\KKI_1_29400.npy,D:\Projects\MRI_Autism\mri 2\models\checkpoints\best_resnet3d.pth,SUCCESS
30014,UCD_1,test,Moderate,512,D:\Projects\MRI_Autism\mri 2\data\raw\abide2_t1\UCD_1_30014_raw.nii.gz,D:\Projects\MRI_Autism\mri 2\data\preprocessed\structural\UCD_1_30014.npy,D:\Projects\MRI_Autism\mri 2\models\checkpoints\best_resnet3d.pth,SUCCESS
29416,KKI_1,test,High,512,D:\Projects\MRI_Autism\mri 2\data\raw\abide2_t1\KKI_1_29416_raw.nii.gz,D:\Projects\MRI_Autism\mri 2\data\preprocessed\structural\KKI_1_29416.npy,D:\Projects\MRI_Autism\mri 2\models\checkpoints\best_resnet3d.pth,SUCCESS
29156,NYU_2,test,Moderate,512,D:\Projects\MRI_Autism\mri 2\data\raw\abide2_t1\NYU_2_29156_raw.nii.gz,D:\Projects\MRI_Autism\mri 2\data\preprocessed\structural\NYU_2_29156.npy,D:\Projects\MRI_Autism\mri 2\models\checkpoints\best_resnet3d.pth,SUCCESS
29385,KKI_1,test,Moderate,512,D:\Projects\MRI_Autism\mri 2\data\raw\abide2_t1\KKI_1_29385_raw.nii.gz,D:\Projects\MRI_Autism\mri 2\data\preprocessed\structural\KKI_1_29385.npy,D:\Projects\MRI_Autism\mri 2\models\checkpoints\best_resnet3d.pth,SUCCESS
28958,OHSU_1,test,Moderate,512,D:\Projects\MRI_Autism\mri 2\data\raw\abide2_t1\OHSU_1_28958_raw.nii.gz,D:\Projects\MRI_Autism\mri 2\data\preprocessed\structural\OHSU_1_28958.npy,D:\Projects\MRI_Autism\mri 2\models\checkpoints\best_resnet3d.pth,SUCCESS
29733,UCLA_1,test,High,512,D:\Projects\MRI_Autism\mri 2\data\raw\abide2_t1\UCLA_1_29733_raw.nii.gz,D:\Projects\MRI_Autism\mri 2\data\preprocessed\structural\UCLA_1_29733.npy,D:\Projects\MRI_Autism\mri 2\models\checkpoints\best_resnet3d.pth,SUCCESS
29159,NYU_2,test,High,512,D:\Projects\MRI_Autism\mri 2\data\raw\abide2_t1\NYU_2_29159_raw.nii.gz,D:\Projects\MRI_Autism\mri 2\data\preprocessed\structural\NYU_2_29159.npy,D:\Projects\MRI_Autism\mri 2\models\checkpoints\best_resnet3d.pth,SUCCESS
28972,OHSU_1,test,High,512,D:\Projects\MRI_Autism\mri 2\data\raw\abide2_t1\OHSU_1_28972_raw.nii.gz,D:\Projects\MRI_Autism\mri 2\data\preprocessed\structural\OHSU_1_28972.npy,D:\Projects\MRI_Autism\mri 2\models\checkpoints\best_resnet3d.pth,SUCCESS
29204,NYU_1,test,Moderate,512,D:\Projects\MRI_Autism\mri 2\data\raw\abide2_t1\NYU_1_29204_raw.nii.gz,D:\Projects\MRI_Autism\mri 2\data\preprocessed\structural\NYU_1_29204.npy,D:\Projects\MRI_Autism\mri 2\models\checkpoints\best_resnet3d.pth,SUCCESS
28905,SDSU_1,test,High,512,D:\Projects\MRI_Autism\mri 2\data\raw\abide2_t1\SDSU_1_28905_raw.nii.gz,D:\Projects\MRI_Autism\mri 2\data\preprocessed\structural\SDSU_1_28905.npy,D:\Projects\MRI_Autism\mri 2\models\checkpoints\best_resnet3d.pth,SUCCESS
28897,SDSU_1,test,High,512,D:\Projects\MRI_Autism\mri 2\data\raw\abide2_t1\SDSU_1_28897_raw.nii.gz,D:\Projects\MRI_Autism\mri 2\data\preprocessed\structural\SDSU_1_28897.npy,D:\Projects\MRI_Autism\mri 2\models\checkpoints\best_resnet3d.pth,SUCCESS
29199,NYU_1,test,Low,512,D:\Projects\MRI_Autism\mri 2\data\raw\abide2_t1\NYU_1_29199_raw.nii.gz,D:\Projects\MRI_Autism\mri 2\data\preprocessed\structural\NYU_1_29199.npy,D:\Projects\MRI_Autism\mri 2\models\checkpoints\best_resnet3d.pth,SUCCESS
29181,NYU_1,test,Moderate,512,D:\Projects\MRI_Autism\mri 2\data\raw\abide2_t1\NYU_1_29181_raw.nii.gz,D:\Projects\MRI_Autism\mri 2\data\preprocessed\structural\NYU_1_29181.npy,D:\Projects\MRI_Autism\mri 2\models\checkpoints\best_resnet3d.pth,SUCCESS
28988,OHSU_1,test,Moderate,512,D:\Projects\MRI_Autism\mri 2\data\raw\abide2_t1\OHSU_1_28988_raw.nii.gz,D:\Projects\MRI_Autism\mri 2\data\preprocessed\structural\OHSU_1_28988.npy,D:\Projects\MRI_Autism\mri 2\models\checkpoints\best_resnet3d.pth,SUCCESS
29190,NYU_1,test,High,512,D:\Projects\MRI_Autism\mri 2\data\raw\abide2_t1\NYU_1_29190_raw.nii.gz,D:\Projects\MRI_Autism\mri 2\data\preprocessed\structural\NYU_1_29190.npy,D:\Projects\MRI_Autism\mri 2\models\checkpoints\best_resnet3d.pth,SUCCESS
29174,NYU_2,test,Moderate,512,D:\Projects\MRI_Autism\mri 2\data\raw\abide2_t1\NYU_2_29174_raw.nii.gz,D:\Projects\MRI_Autism\mri 2\data\preprocessed\structural\NYU_2_29174.npy,D:\Projects\MRI_Autism\mri 2\models\checkpoints\best_resnet3d.pth,SUCCESS
28920,OHSU_1,test,Moderate,512,D:\Projects\MRI_Autism\mri 2\data\raw\abide2_t1\OHSU_1_28920_raw.nii.gz,D:\Projects\MRI_Autism\mri 2\data\preprocessed\structural\OHSU_1_28920.npy,D:\Projects\MRI_Autism\mri 2\models\checkpoints\best_resnet3d.pth,SUCCESS
28866,SDSU_1,test,High,512,D:\Projects\MRI_Autism\mri 2\data\raw\abide2_t1\SDSU_1_28866_raw.nii.gz,D:\Projects\MRI_Autism\mri 2\data\preprocessed\structural\SDSU_1_28866.npy,D:\Projects\MRI_Autism\mri 2\models\checkpoints\best_resnet3d.pth,SUCCESS
28885,SDSU_1,test,Moderate,512,D:\Projects\MRI_Autism\mri 2\data\raw\abide2_t1\SDSU_1_28885_raw.nii.gz,D:\Projects\MRI_Autism\mri 2\data\preprocessed\structural\SDSU_1_28885.npy,D:\Projects\MRI_Autism\mri 2\models\checkpoints\best_resnet3d.pth,SUCCESS
28859,SDSU_1,test,Low,512,D:\Projects\MRI_Autism\mri 2\data\raw\abide2_t1\SDSU_1_28859_raw.nii.gz,D:\Projects\MRI_Autism\mri 2\data\preprocessed\structural\SDSU_1_28859.npy,D:\Projects\MRI_Autism\mri 2\models\checkpoints\best_resnet3d.pth,SUCCESS
29206,NYU_1,test,High,512,D:\Projects\MRI_Autism\mri 2\data\raw\abide2_t1\NYU_1_29206_raw.nii.gz,D:\Projects\MRI_Autism\mri 2\data\preprocessed\structural\NYU_1_29206.npy,D:\Projects\MRI_Autism\mri 2\models\checkpoints\best_resnet3d.pth,SUCCESS
29195,NYU_1,test,High,512,D:\Projects\MRI_Autism\mri 2\data\raw\abide2_t1\NYU_1_29195_raw.nii.gz,D:\Projects\MRI_Autism\mri 2\data\preprocessed\structural\NYU_1_29195.npy,D:\Projects\MRI_Autism\mri 2\models\checkpoints\best_resnet3d.pth,SUCCESS
29481,KKI_1,test,High,512,D:\Projects\MRI_Autism\mri 2\data\raw\abide2_t1\KKI_1_29481_raw.nii.gz,D:\Projects\MRI_Autism\mri 2\data\preprocessed\structural\KKI_1_29481.npy,D:\Projects\MRI_Autism\mri 2\models\checkpoints\best_resnet3d.pth,SUCCESS
29168,NYU_2,test,Low,512,D:\Projects\MRI_Autism\mri 2\data\raw\abide2_t1\NYU_2_29168_raw.nii.gz,D:\Projects\MRI_Autism\mri 2\data\preprocessed\structural\NYU_2_29168.npy,D:\Projects\MRI_Autism\mri 2\models\checkpoints\best_resnet3d.pth,SUCCESS
28952,OHSU_1,test,Moderate,512,D:\Projects\MRI_Autism\mri 2\data\raw\abide2_t1\OHSU_1_28952_raw.nii.gz,D:\Projects\MRI_Autism\mri 2\data\preprocessed\structural\OHSU_1_28952.npy,D:\Projects\MRI_Autism\mri 2\models\checkpoints\best_resnet3d.pth,SUCCESS
