participant_id,split,severity_class,embedding_dimension,source_model,source_checkpoint,embedding_status
29151,train,High,512,"GAT (2-Layer Graph Attention Network, 4 Heads)",models\fmri_gat\best_gat_model.pt,SUCCESS
28982,train,Moderate,512,"GAT (2-Layer Graph Attention Network, 4 Heads)",models\fmri_gat\best_gat_model.pt,SUCCESS
29191,train,Moderate,512,"GAT (2-Layer Graph Attention Network, 4 Heads)",models\fmri_gat\best_gat_model.pt,SUCCESS
28995,train,Moderate,512,"GAT (2-Layer Graph Attention Network, 4 Heads)",models\fmri_gat\best_gat_model.pt,SUCCESS
28853,train,High,512,"GAT (2-Layer Graph Attention Network, 4 Heads)",models\fmri_gat\best_gat_model.pt,SUCCESS
30005,train,Moderate,512,"GAT (2-Layer Graph Attention Network, 4 Heads)",models\fmri_gat\best_gat_model.pt,SUCCESS
30156,train,Moderate,512,"GAT (2-Layer Graph Attention Network, 4 Heads)",models\fmri_gat\best_gat_model.pt,SUCCESS
28874,train,High,512,"GAT (2-Layer Graph Attention Network, 4 Heads)",models\fmri_gat\best_gat_model.pt,SUCCESS
28924,train,High,512,"GAT (2-Layer Graph Attention Network, 4 Heads)",models\fmri_gat\best_gat_model.pt,SUCCESS
28963,train,Moderate,512,"GAT (2-Layer Graph Attention Network, 4 Heads)",models\fmri_gat\best_gat_model.pt,SUCCESS
28938,train,High,512,"GAT (2-Layer Graph Attention Network, 4 Heads)",models\fmri_gat\best_gat_model.pt,SUCCESS
28986,train,Moderate,512,"GAT (2-Layer Graph Attention Network, 4 Heads)",models\fmri_gat\best_gat_model.pt,SUCCESS
30010,train,Moderate,512,"GAT (2-Layer Graph Attention Network, 4 Heads)",models\fmri_gat\best_gat_model.pt,SUCCESS
29175,train,High,512,"GAT (2-Layer Graph Attention Network, 4 Heads)",models\fmri_gat\best_gat_model.pt,SUCCESS
30013,train,Moderate,512,"GAT (2-Layer Graph Attention Network, 4 Heads)",models\fmri_gat\best_gat_model.pt,SUCCESS
28864,train,High,512,"GAT (2-Layer Graph Attention Network, 4 Heads)",models\fmri_gat\best_gat_model.pt,SUCCESS
29169,train,Moderate,512,"GAT (2-Layer Graph Attention Network, 4 Heads)",models\fmri_gat\best_gat_model.pt,SUCCESS
28884,train,Moderate,512,"GAT (2-Layer Graph Attention Network, 4 Heads)",models\fmri_gat\best_gat_model.pt,SUCCESS
28890,train,Moderate,512,"GAT (2-Layer Graph Attention Network, 4 Heads)",models\fmri_gat\best_gat_model.pt,SUCCESS
29479,train,High,512,"GAT (2-Layer Graph Attention Network, 4 Heads)",models\fmri_gat\best_gat_model.pt,SUCCESS
30011,train,Moderate,512,"GAT (2-Layer Graph Attention Network, 4 Heads)",models\fmri_gat\best_gat_model.pt,SUCCESS
29375,train,Moderate,512,"GAT (2-Layer Graph Attention Network, 4 Heads)",models\fmri_gat\best_gat_model.pt,SUCCESS
29214,train,Moderate,512,"GAT (2-Layer Graph Attention Network, 4 Heads)",models\fmri_gat\best_gat_model.pt,SUCCESS
29198,train,High,512,"GAT (2-Layer Graph Attention Network, 4 Heads)",models\fmri_gat\best_gat_model.pt,SUCCESS
29183,train,High,512,"GAT (2-Layer Graph Attention Network, 4 Heads)",models\fmri_gat\best_gat_model.pt,SUCCESS
29609,train,Moderate,512,"GAT (2-Layer Graph Attention Network, 4 Heads)",models\fmri_gat\best_gat_model.pt,SUCCESS
29212,train,Low,512,"GAT (2-Layer Graph Attention Network, 4 Heads)",models\fmri_gat\best_gat_model.pt,SUCCESS
29735,train,High,512,"GAT (2-Layer Graph Attention Network, 4 Heads)",models\fmri_gat\best_gat_model.pt,SUCCESS
28865,train,High,512,"GAT (2-Layer Graph Attention Network, 4 Heads)",models\fmri_gat\best_gat_model.pt,SUCCESS
29160,train,Moderate,512,"GAT (2-Layer Graph Attention Network, 4 Heads)",models\fmri_gat\best_gat_model.pt,SUCCESS
29150,train,High,512,"GAT (2-Layer Graph Attention Network, 4 Heads)",models\fmri_gat\best_gat_model.pt,SUCCESS
29194,train,Moderate,512,"GAT (2-Layer Graph Attention Network, 4 Heads)",models\fmri_gat\best_gat_model.pt,SUCCESS
29154,train,High,512,"GAT (2-Layer Graph Attention Network, 4 Heads)",models\fmri_gat\best_gat_model.pt,SUCCESS
29210,train,Low,512,"GAT (2-Layer Graph Attention Network, 4 Heads)",models\fmri_gat\best_gat_model.pt,SUCCESS
29166,train,High,512,"GAT (2-Layer Graph Attention Network, 4 Heads)",models\fmri_gat\best_gat_model.pt,SUCCESS
30021,train,Moderate,512,"GAT (2-Layer Graph Attention Network, 4 Heads)",models\fmri_gat\best_gat_model.pt,SUCCESS
28906,train,Moderate,512,"GAT (2-Layer Graph Attention Network, 4 Heads)",models\fmri_gat\best_gat_model.pt,SUCCESS
29224,train,Low,512,"GAT (2-Layer Graph Attention Network, 4 Heads)",models\fmri_gat\best_gat_model.pt,SUCCESS
28935,train,Moderate,512,"GAT (2-Layer Graph Attention Network, 4 Heads)",models\fmri_gat\best_gat_model.pt,SUCCESS
30000,train,Low,512,"GAT (2-Layer Graph Attention Network, 4 Heads)",models\fmri_gat\best_gat_model.pt,SUCCESS
29197,train,High,512,"GAT (2-Layer Graph Attention Network, 4 Heads)",models\fmri_gat\best_gat_model.pt,SUCCESS
29610,train,Moderate,512,"GAT (2-Layer Graph Attention Network, 4 Heads)",models\fmri_gat\best_gat_model.pt,SUCCESS
29208,train,Low,512,"GAT (2-Layer Graph Attention Network, 4 Heads)",models\fmri_gat\best_gat_model.pt,SUCCESS
29164,train,High,512,"GAT (2-Layer Graph Attention Network, 4 Heads)",models\fmri_gat\best_gat_model.pt,SUCCESS
28879,train,High,512,"GAT (2-Layer Graph Attention Network, 4 Heads)",models\fmri_gat\best_gat_model.pt,SUCCESS
29219,train,Low,512,"GAT (2-Layer Graph Attention Network, 4 Heads)",models\fmri_gat\best_gat_model.pt,SUCCESS
29170,train,High,512,"GAT (2-Layer Graph Attention Network, 4 Heads)",models\fmri_gat\best_gat_model.pt,SUCCESS
29153,train,Moderate,512,"GAT (2-Layer Graph Attention Network, 4 Heads)",models\fmri_gat\best_gat_model.pt,SUCCESS
30019,train,Low,512,"GAT (2-Layer Graph Attention Network, 4 Heads)",models\fmri_gat\best_gat_model.pt,SUCCESS
28871,train,Moderate,512,"GAT (2-Layer Graph Attention Network, 4 Heads)",models\fmri_gat\best_gat_model.pt,SUCCESS
28896,train,Low,512,"GAT (2-Layer Graph Attention Network, 4 Heads)",models\fmri_gat\best_gat_model.pt,SUCCESS
29739,train,Moderate,512,"GAT (2-Layer Graph Attention Network, 4 Heads)",models\fmri_gat\best_gat_model.pt,SUCCESS
29173,train,High,512,"GAT (2-Layer Graph Attention Network, 4 Heads)",models\fmri_gat\best_gat_model.pt,SUCCESS
28898,train,High,512,"GAT (2-Layer Graph Attention Network, 4 Heads)",models\fmri_gat\best_gat_model.pt,SUCCESS
29182,train,Moderate,512,"GAT (2-Layer Graph Attention Network, 4 Heads)",models\fmri_gat\best_gat_model.pt,SUCCESS
28997,train,Moderate,512,"GAT (2-Layer Graph Attention Network, 4 Heads)",models\fmri_gat\best_gat_model.pt,SUCCESS
29221,train,Low,512,"GAT (2-Layer Graph Attention Network, 4 Heads)",models\fmri_gat\best_gat_model.pt,SUCCESS
28903,train,Moderate,512,"GAT (2-Layer Graph Attention Network, 4 Heads)",models\fmri_gat\best_gat_model.pt,SUCCESS
28899,train,High,512,"GAT (2-Layer Graph Attention Network, 4 Heads)",models\fmri_gat\best_gat_model.pt,SUCCESS
29211,train,Low,512,"GAT (2-Layer Graph Attention Network, 4 Heads)",models\fmri_gat\best_gat_model.pt,SUCCESS
29205,train,Moderate,512,"GAT (2-Layer Graph Attention Network, 4 Heads)",models\fmri_gat\best_gat_model.pt,SUCCESS
29619,train,High,512,"GAT (2-Layer Graph Attention Network, 4 Heads)",models\fmri_gat\best_gat_model.pt,SUCCESS
29213,train,Low,512,"GAT (2-Layer Graph Attention Network, 4 Heads)",models\fmri_gat\best_gat_model.pt,SUCCESS
29179,train,Moderate,512,"GAT (2-Layer Graph Attention Network, 4 Heads)",models\fmri_gat\best_gat_model.pt,SUCCESS
29730,train,High,512,"GAT (2-Layer Graph Attention Network, 4 Heads)",models\fmri_gat\best_gat_model.pt,SUCCESS
29163,train,Moderate,512,"GAT (2-Layer Graph Attention Network, 4 Heads)",models\fmri_gat\best_gat_model.pt,SUCCESS
29177,train,High,512,"GAT (2-Layer Graph Attention Network, 4 Heads)",models\fmri_gat\best_gat_model.pt,SUCCESS
28992,train,Moderate,512,"GAT (2-Layer Graph Attention Network, 4 Heads)",models\fmri_gat\best_gat_model.pt,SUCCESS
28843,train,Moderate,512,"GAT (2-Layer Graph Attention Network, 4 Heads)",models\fmri_gat\best_gat_model.pt,SUCCESS
29734,train,High,512,"GAT (2-Layer Graph Attention Network, 4 Heads)",models\fmri_gat\best_gat_model.pt,SUCCESS
29738,train,High,512,"GAT (2-Layer Graph Attention Network, 4 Heads)",models\fmri_gat\best_gat_model.pt,SUCCESS
29165,train,Moderate,512,"GAT (2-Layer Graph Attention Network, 4 Heads)",models\fmri_gat\best_gat_model.pt,SUCCESS
29434,train,Low,512,"GAT (2-Layer Graph Attention Network, 4 Heads)",models\fmri_gat\best_gat_model.pt,SUCCESS
29731,train,High,512,"GAT (2-Layer Graph Attention Network, 4 Heads)",models\fmri_gat\best_gat_model.pt,SUCCESS
29393,train,Low,512,"GAT (2-Layer Graph Attention Network, 4 Heads)",models\fmri_gat\best_gat_model.pt,SUCCESS
29172,train,Moderate,512,"GAT (2-Layer Graph Attention Network, 4 Heads)",models\fmri_gat\best_gat_model.pt,SUCCESS
29187,train,Moderate,512,"GAT (2-Layer Graph Attention Network, 4 Heads)",models\fmri_gat\best_gat_model.pt,SUCCESS
28901,train,Moderate,512,"GAT (2-Layer Graph Attention Network, 4 Heads)",models\fmri_gat\best_gat_model.pt,SUCCESS
29415,train,Moderate,512,"GAT (2-Layer Graph Attention Network, 4 Heads)",models\fmri_gat\best_gat_model.pt,SUCCESS
29606,train,High,512,"GAT (2-Layer Graph Attention Network, 4 Heads)",models\fmri_gat\best_gat_model.pt,SUCCESS
28927,train,High,512,"GAT (2-Layer Graph Attention Network, 4 Heads)",models\fmri_gat\best_gat_model.pt,SUCCESS
30026,train,Low,512,"GAT (2-Layer Graph Attention Network, 4 Heads)",models\fmri_gat\best_gat_model.pt,SUCCESS
29216,train,Low,512,"GAT (2-Layer Graph Attention Network, 4 Heads)",models\fmri_gat\best_gat_model.pt,SUCCESS
29167,train,Low,512,"GAT (2-Layer Graph Attention Network, 4 Heads)",models\fmri_gat\best_gat_model.pt,SUCCESS
29203,train,Moderate,512,"GAT (2-Layer Graph Attention Network, 4 Heads)",models\fmri_gat\best_gat_model.pt,SUCCESS
30028,train,High,512,"GAT (2-Layer Graph Attention Network, 4 Heads)",models\fmri_gat\best_gat_model.pt,SUCCESS
28967,train,High,512,"GAT (2-Layer Graph Attention Network, 4 Heads)",models\fmri_gat\best_gat_model.pt,SUCCESS
28908,train,Low,512,"GAT (2-Layer Graph Attention Network, 4 Heads)",models\fmri_gat\best_gat_model.pt,SUCCESS
30016,train,Low,512,"GAT (2-Layer Graph Attention Network, 4 Heads)",models\fmri_gat\best_gat_model.pt,SUCCESS
29184,train,High,512,"GAT (2-Layer Graph Attention Network, 4 Heads)",models\fmri_gat\best_gat_model.pt,SUCCESS
29186,train,Moderate,512,"GAT (2-Layer Graph Attention Network, 4 Heads)",models\fmri_gat\best_gat_model.pt,SUCCESS
29155,train,High,512,"GAT (2-Layer Graph Attention Network, 4 Heads)",models\fmri_gat\best_gat_model.pt,SUCCESS
29196,train,High,512,"GAT (2-Layer Graph Attention Network, 4 Heads)",models\fmri_gat\best_gat_model.pt,SUCCESS
29737,train,High,512,"GAT (2-Layer Graph Attention Network, 4 Heads)",models\fmri_gat\best_gat_model.pt,SUCCESS
28861,train,High,512,"GAT (2-Layer Graph Attention Network, 4 Heads)",models\fmri_gat\best_gat_model.pt,SUCCESS
28933,train,Moderate,512,"GAT (2-Layer Graph Attention Network, 4 Heads)",models\fmri_gat\best_gat_model.pt,SUCCESS
29200,train,High,512,"GAT (2-Layer Graph Attention Network, 4 Heads)",models\fmri_gat\best_gat_model.pt,SUCCESS
29209,train,Low,512,"GAT (2-Layer Graph Attention Network, 4 Heads)",models\fmri_gat\best_gat_model.pt,SUCCESS
28968,train,Moderate,512,"GAT (2-Layer Graph Attention Network, 4 Heads)",models\fmri_gat\best_gat_model.pt,SUCCESS
29157,train,Moderate,512,"GAT (2-Layer Graph Attention Network, 4 Heads)",models\fmri_gat\best_gat_model.pt,SUCCESS
28873,train,High,512,"GAT (2-Layer Graph Attention Network, 4 Heads)",models\fmri_gat\best_gat_model.pt,SUCCESS
29202,train,Moderate,512,"GAT (2-Layer Graph Attention Network, 4 Heads)",models\fmri_gat\best_gat_model.pt,SUCCESS
29435,val,High,512,"GAT (2-Layer Graph Attention Network, 4 Heads)",models\fmri_gat\best_gat_model.pt,SUCCESS
28876,val,High,512,"GAT (2-Layer Graph Attention Network, 4 Heads)",models\fmri_gat\best_gat_model.pt,SUCCESS
28857,val,High,512,"GAT (2-Layer Graph Attention Network, 4 Heads)",models\fmri_gat\best_gat_model.pt,SUCCESS
29161,val,High,512,"GAT (2-Layer Graph Attention Network, 4 Heads)",models\fmri_gat\best_gat_model.pt,SUCCESS
29189,val,High,512,"GAT (2-Layer Graph Attention Network, 4 Heads)",models\fmri_gat\best_gat_model.pt,SUCCESS
28844,val,Low,512,"GAT (2-Layer Graph Attention Network, 4 Heads)",models\fmri_gat\best_gat_model.pt,SUCCESS
28869,val,High,512,"GAT (2-Layer Graph Attention Network, 4 Heads)",models\fmri_gat\best_gat_model.pt,SUCCESS
29152,val,Low,512,"GAT (2-Layer Graph Attention Network, 4 Heads)",models\fmri_gat\best_gat_model.pt,SUCCESS
29223,val,High,512,"GAT (2-Layer Graph Attention Network, 4 Heads)",models\fmri_gat\best_gat_model.pt,SUCCESS
29162,val,High,512,"GAT (2-Layer Graph Attention Network, 4 Heads)",models\fmri_gat\best_gat_model.pt,SUCCESS
29376,val,High,512,"GAT (2-Layer Graph Attention Network, 4 Heads)",models\fmri_gat\best_gat_model.pt,SUCCESS
28838,val,Moderate,512,"GAT (2-Layer Graph Attention Network, 4 Heads)",models\fmri_gat\best_gat_model.pt,SUCCESS
29193,val,Low,512,"GAT (2-Layer Graph Attention Network, 4 Heads)",models\fmri_gat\best_gat_model.pt,SUCCESS
28820,val,Moderate,512,"GAT (2-Layer Graph Attention Network, 4 Heads)",models\fmri_gat\best_gat_model.pt,SUCCESS
29624,val,Moderate,512,"GAT (2-Layer Graph Attention Network, 4 Heads)",models\fmri_gat\best_gat_model.pt,SUCCESS
28964,val,Moderate,512,"GAT (2-Layer Graph Attention Network, 4 Heads)",models\fmri_gat\best_gat_model.pt,SUCCESS
29188,val,Moderate,512,"GAT (2-Layer Graph Attention Network, 4 Heads)",models\fmri_gat\best_gat_model.pt,SUCCESS
30017,val,High,512,"GAT (2-Layer Graph Attention Network, 4 Heads)",models\fmri_gat\best_gat_model.pt,SUCCESS
28860,val,High,512,"GAT (2-Layer Graph Attention Network, 4 Heads)",models\fmri_gat\best_gat_model.pt,SUCCESS
28941,val,High,512,"GAT (2-Layer Graph Attention Network, 4 Heads)",models\fmri_gat\best_gat_model.pt,SUCCESS
29458,val,High,512,"GAT (2-Layer Graph Attention Network, 4 Heads)",models\fmri_gat\best_gat_model.pt,SUCCESS
30018,val,Moderate,512,"GAT (2-Layer Graph Attention Network, 4 Heads)",models\fmri_gat\best_gat_model.pt,SUCCESS
28939,val,Moderate,512,"GAT (2-Layer Graph Attention Network, 4 Heads)",models\fmri_gat\best_gat_model.pt,SUCCESS
29192,val,Moderate,512,"GAT (2-Layer Graph Attention Network, 4 Heads)",models\fmri_gat\best_gat_model.pt,SUCCESS
28998,val,Moderate,512,"GAT (2-Layer Graph Attention Network, 4 Heads)",models\fmri_gat\best_gat_model.pt,SUCCESS
28987,test,Moderate,512,"GAT (2-Layer Graph Attention Network, 4 Heads)",models\fmri_gat\best_gat_model.pt,SUCCESS
28872,test,High,512,"GAT (2-Layer Graph Attention Network, 4 Heads)",models\fmri_gat\best_gat_model.pt,SUCCESS
28949,test,Low,512,"GAT (2-Layer Graph Attention Network, 4 Heads)",models\fmri_gat\best_gat_model.pt,SUCCESS
28855,test,Moderate,512,"GAT (2-Layer Graph Attention Network, 4 Heads)",models\fmri_gat\best_gat_model.pt,SUCCESS
29400,test,Low,512,"GAT (2-Layer Graph Attention Network, 4 Heads)",models\fmri_gat\best_gat_model.pt,SUCCESS
30014,test,Moderate,512,"GAT (2-Layer Graph Attention Network, 4 Heads)",models\fmri_gat\best_gat_model.pt,SUCCESS
29416,test,High,512,"GAT (2-Layer Graph Attention Network, 4 Heads)",models\fmri_gat\best_gat_model.pt,SUCCESS
29156,test,Moderate,512,"GAT (2-Layer Graph Attention Network, 4 Heads)",models\fmri_gat\best_gat_model.pt,SUCCESS
29385,test,Moderate,512,"GAT (2-Layer Graph Attention Network, 4 Heads)",models\fmri_gat\best_gat_model.pt,SUCCESS
28958,test,Moderate,512,"GAT (2-Layer Graph Attention Network, 4 Heads)",models\fmri_gat\best_gat_model.pt,SUCCESS
29733,test,High,512,"GAT (2-Layer Graph Attention Network, 4 Heads)",models\fmri_gat\best_gat_model.pt,SUCCESS
29159,test,High,512,"GAT (2-Layer Graph Attention Network, 4 Heads)",models\fmri_gat\best_gat_model.pt,SUCCESS
28972,test,High,512,"GAT (2-Layer Graph Attention Network, 4 Heads)",models\fmri_gat\best_gat_model.pt,SUCCESS
29204,test,Moderate,512,"GAT (2-Layer Graph Attention Network, 4 Heads)",models\fmri_gat\best_gat_model.pt,SUCCESS
28905,test,High,512,"GAT (2-Layer Graph Attention Network, 4 Heads)",models\fmri_gat\best_gat_model.pt,SUCCESS
28897,test,High,512,"GAT (2-Layer Graph Attention Network, 4 Heads)",models\fmri_gat\best_gat_model.pt,SUCCESS
29199,test,Low,512,"GAT (2-Layer Graph Attention Network, 4 Heads)",models\fmri_gat\best_gat_model.pt,SUCCESS
29181,test,Moderate,512,"GAT (2-Layer Graph Attention Network, 4 Heads)",models\fmri_gat\best_gat_model.pt,SUCCESS
28988,test,Moderate,512,"GAT (2-Layer Graph Attention Network, 4 Heads)",models\fmri_gat\best_gat_model.pt,SUCCESS
29190,test,High,512,"GAT (2-Layer Graph Attention Network, 4 Heads)",models\fmri_gat\best_gat_model.pt,SUCCESS
29174,test,Moderate,512,"GAT (2-Layer Graph Attention Network, 4 Heads)",models\fmri_gat\best_gat_model.pt,SUCCESS
28920,test,Moderate,512,"GAT (2-Layer Graph Attention Network, 4 Heads)",models\fmri_gat\best_gat_model.pt,SUCCESS
28866,test,High,512,"GAT (2-Layer Graph Attention Network, 4 Heads)",models\fmri_gat\best_gat_model.pt,SUCCESS
28885,test,Moderate,512,"GAT (2-Layer Graph Attention Network, 4 Heads)",models\fmri_gat\best_gat_model.pt,SUCCESS
28859,test,Low,512,"GAT (2-Layer Graph Attention Network, 4 Heads)",models\fmri_gat\best_gat_model.pt,SUCCESS
29206,test,High,512,"GAT (2-Layer Graph Attention Network, 4 Heads)",models\fmri_gat\best_gat_model.pt,SUCCESS
29195,test,High,512,"GAT (2-Layer Graph Attention Network, 4 Heads)",models\fmri_gat\best_gat_model.pt,SUCCESS
29481,test,High,512,"GAT (2-Layer Graph Attention Network, 4 Heads)",models\fmri_gat\best_gat_model.pt,SUCCESS
29168,test,Low,512,"GAT (2-Layer Graph Attention Network, 4 Heads)",models\fmri_gat\best_gat_model.pt,SUCCESS
28952,test,Moderate,512,"GAT (2-Layer Graph Attention Network, 4 Heads)",models\fmri_gat\best_gat_model.pt,SUCCESS
